1.000000e-35	1.000000e-35	1.000000e-35	1.000000e-35	1.000000e-35	1.000000e-35	1.000000e-35	1.000000e-35	1.000000e-35
1.000000e-35	1.000000e-35	1.000000e-35	1.000000e-35	1.000000e-35	1.000000e-35	1.000000e-35	1.000000e-35	1.000000e-35
1.000000e-35	1.000000e-35	1.000000e-35	1.000000e-35	1.000000e-35	1.000000e-35	1.000000e-35	1.000000e-35	1.000000e-35
1.000000e-35	1.000000e-35	1.000000e-35	1.000000e-35	1.000000e-35	1.000000e-35	1.000000e-35	1.000000e-35	1.000000e-35
1.000000e-35	1.000000e-35	1.000000e-35	1.000000e-35	1.000000e-35	1.000000e-35	1.000000e-35	1.000000e-35	1.000000e-35
1.000000e-35	1.000000e-35	1.000000e-35	1.000000e-35	1.000000e-35	1.000000e-35	1.000000e-35	1.000000e-35	1.000000e-35
1.000000e-35	1.000000e-35	1.000000e-35	1.000000e-35	1.000000e-35	1.000000e-35	1.000000e-35	1.000000e-35	1.000000e-35
1.000000e-35	1.000000e-35	1.000000e-35	1.000000e-35	1.000000e-35	1.000000e-35	1.000000e-35	1.000000e-35	1.000000e-35
1.000000e-35	1.000000e-35	1.000000e-35	1.000000e-35	1.000000e-35	1.000000e-35	1.000000e-35	1.000000e-35	1.000000e-35
1.000000e-35	1.000000e-35	1.000000e-35	1.000000e-35	1.000000e-35	1.000000e-35	1.000000e-35	1.000000e-35	1.000000e-35
3.518700e-12	3.431070e-12	3.343440e-12	3.255810e-12	3.168180e-12	3.080550e-12	2.992920e-12	2.905290e-12	2.817660e-12
3.815384e-12	4.565908e-12	5.316432e-12	6.066956e-12	6.817480e-12	7.568004e-12	8.318528e-12	9.069052e-12	9.819576e-12
2.404717e-11	2.559834e-11	2.714951e-11	2.870068e-11	3.025185e-11	3.180302e-11	3.335419e-11	3.490536e-11	3.645653e-11
2.178569e-10	2.392988e-10	2.607407e-10	2.821826e-10	3.036245e-10	3.250664e-10	3.465083e-10	3.679502e-10	3.893921e-10
3.123913e-10	3.218566e-10	3.313219e-10	3.407872e-10	3.502525e-10	3.597178e-10	3.691831e-10	3.786484e-10	3.881137e-10
8.631274e-10	8.751778e-10	8.872282e-10	8.992786e-10	9.113290e-10	9.233794e-10	9.354298e-10	9.474802e-10	9.595306e-10
2.449271e-09	2.451402e-09	2.453533e-09	2.455664e-09	2.457795e-09	2.459926e-09	2.462057e-09	2.464188e-09	2.466319e-09
7.134457e-08	7.106864e-08	7.079271e-08	7.051678e-08	7.024085e-08	6.996492e-08	6.968899e-08	6.941306e-08	6.913713e-08
2.335330e-08	2.335750e-08	2.336170e-08	2.336590e-08	2.337010e-08	2.337430e-08	2.337850e-08	2.338270e-08	2.338690e-08
4.541041e-09	4.650842e-09	4.760643e-09	4.870444e-09	4.980245e-09	5.090046e-09	5.199847e-09	5.309648e-09	5.419449e-09
1.051815e-08	1.057010e-08	1.062205e-08	1.067400e-08	1.072595e-08	1.077790e-08	1.082985e-08	1.088180e-08	1.093375e-08
8.271980e-09	8.329710e-09	8.387440e-09	8.445170e-09	8.502900e-09	8.560630e-09	8.618360e-09	8.676090e-09	8.733820e-09
9.990028e-09	1.008614e-08	1.018224e-08	1.027835e-08	1.037446e-08	1.047057e-08	1.056668e-08	1.066278e-08	1.075889e-08
1.577473e-08	1.581786e-08	1.586099e-08	1.590412e-08	1.594725e-08	1.599038e-08	1.603351e-08	1.607664e-08	1.611977e-08
1.340781e-08	1.353102e-08	1.365423e-08	1.377744e-08	1.390065e-08	1.402386e-08	1.414707e-08	1.427028e-08	1.439349e-08
1.512888e-08	1.525686e-08	1.538484e-08	1.551282e-08	1.564080e-08	1.576878e-08	1.589676e-08	1.602474e-08	1.615272e-08
1.671658e-08	1.686496e-08	1.701334e-08	1.716172e-08	1.731010e-08	1.745848e-08	1.760686e-08	1.775524e-08	1.790362e-08
1.945425e-08	1.956160e-08	1.966895e-08	1.977630e-08	1.988365e-08	1.999100e-08	2.009835e-08	2.020570e-08	2.031305e-08
1.988075e-08	2.002110e-08	2.016145e-08	2.030180e-08	2.044215e-08	2.058250e-08	2.072285e-08	2.086320e-08	2.100355e-08
2.158768e-08	2.174636e-08	2.190504e-08	2.206372e-08	2.222240e-08	2.238108e-08	2.253976e-08	2.269844e-08	2.285712e-08
2.337158e-08	2.351206e-08	2.365254e-08	2.379302e-08	2.393350e-08	2.407398e-08	2.421446e-08	2.435494e-08	2.449542e-08
2.485187e-08	2.502634e-08	2.520081e-08	2.537528e-08	2.554975e-08	2.572422e-08	2.589869e-08	2.607316e-08	2.624763e-08
2.626156e-08	2.642592e-08	2.659028e-08	2.675464e-08	2.691900e-08	2.708336e-08	2.724772e-08	2.741208e-08	2.757644e-08
2.782036e-08	2.793992e-08	2.805948e-08	2.817904e-08	2.829860e-08	2.841816e-08	2.853772e-08	2.865728e-08	2.877684e-08
2.937547e-08	2.950334e-08	2.963121e-08	2.975908e-08	2.988695e-08	3.001482e-08	3.014269e-08	3.027056e-08	3.039843e-08
3.086246e-08	3.097082e-08	3.107918e-08	3.118754e-08	3.129590e-08	3.140426e-08	3.151262e-08	3.162098e-08	3.172934e-08
3.159813e-08	3.173176e-08	3.186539e-08	3.199902e-08	3.213265e-08	3.226628e-08	3.239991e-08	3.253354e-08	3.266717e-08
3.253008e-08	3.267686e-08	3.282364e-08	3.297042e-08	3.311720e-08	3.326398e-08	3.341076e-08	3.355754e-08	3.370432e-08
3.375021e-08	3.389032e-08	3.403043e-08	3.417054e-08	3.431065e-08	3.445076e-08	3.459087e-08	3.473098e-08	3.487109e-08
3.502262e-08	3.514624e-08	3.526986e-08	3.539348e-08	3.551710e-08	3.564072e-08	3.576434e-08	3.588796e-08	3.601158e-08
3.599576e-08	3.606382e-08	3.613188e-08	3.619994e-08	3.626800e-08	3.633606e-08	3.640412e-08	3.647218e-08	3.654024e-08
3.699353e-08	3.712436e-08	3.725519e-08	3.738602e-08	3.751685e-08	3.764768e-08	3.777851e-08	3.790934e-08	3.804017e-08
3.785682e-08	3.797834e-08	3.809986e-08	3.822138e-08	3.834290e-08	3.846442e-08	3.858594e-08	3.870746e-08	3.882898e-08
3.894967e-08	3.897964e-08	3.900961e-08	3.903958e-08	3.906955e-08	3.909952e-08	3.912949e-08	3.915946e-08	3.918943e-08
3.969870e-08	3.982470e-08	3.995070e-08	4.007670e-08	4.020270e-08	4.032870e-08	4.045470e-08	4.058070e-08	4.070670e-08
4.022824e-08	4.033538e-08	4.044252e-08	4.054966e-08	4.065680e-08	4.076394e-08	4.087108e-08	4.097822e-08	4.108536e-08
4.135052e-08	4.146824e-08	4.158596e-08	4.170368e-08	4.182140e-08	4.193912e-08	4.205684e-08	4.217456e-08	4.229228e-08
4.193365e-08	4.202210e-08	4.211055e-08	4.219900e-08	4.228745e-08	4.237590e-08	4.246435e-08	4.255280e-08	4.264125e-08
4.260387e-08	4.270234e-08	4.280081e-08	4.289928e-08	4.299775e-08	4.309622e-08	4.319469e-08	4.329316e-08	4.339163e-08
4.310614e-08	4.318368e-08	4.326122e-08	4.333876e-08	4.341630e-08	4.349384e-08	4.357138e-08	4.364892e-08	4.372646e-08
4.408951e-08	4.421472e-08	4.433993e-08	4.446514e-08	4.459035e-08	4.471556e-08	4.484077e-08	4.496598e-08	4.509119e-08
4.455502e-08	4.471634e-08	4.487766e-08	4.503898e-08	4.520030e-08	4.536162e-08	4.552294e-08	4.568426e-08	4.584558e-08
4.550673e-08	4.554436e-08	4.558199e-08	4.561962e-08	4.565725e-08	4.569488e-08	4.573251e-08	4.577014e-08	4.580777e-08
4.558838e-08	4.574466e-08	4.590094e-08	4.605722e-08	4.621350e-08	4.636978e-08	4.652606e-08	4.668234e-08	4.683862e-08
4.598402e-08	4.614144e-08	4.629886e-08	4.645628e-08	4.661370e-08	4.677112e-08	4.692854e-08	4.708596e-08	4.724338e-08
4.670938e-08	4.684186e-08	4.697434e-08	4.710682e-08	4.723930e-08	4.737178e-08	4.750426e-08	4.763674e-08	4.776922e-08
4.720762e-08	4.738844e-08	4.756926e-08	4.775008e-08	4.793090e-08	4.811172e-08	4.829254e-08	4.847336e-08	4.865418e-08
4.761968e-08	4.775926e-08	4.789884e-08	4.803842e-08	4.817800e-08	4.831758e-08	4.845716e-08	4.859674e-08	4.873632e-08
4.751905e-08	4.775480e-08	4.799055e-08	4.822630e-08	4.846205e-08	4.869780e-08	4.893355e-08	4.916930e-08	4.940505e-08
4.812689e-08	4.826888e-08	4.841087e-08	4.855286e-08	4.869485e-08	4.883684e-08	4.897883e-08	4.912082e-08	4.926281e-08
4.816653e-08	4.838676e-08	4.860699e-08	4.882722e-08	4.904745e-08	4.926768e-08	4.948791e-08	4.970814e-08	4.992837e-08
4.904491e-08	4.916132e-08	4.927773e-08	4.939414e-08	4.951055e-08	4.962696e-08	4.974337e-08	4.985978e-08	4.997619e-08
4.859333e-08	4.883096e-08	4.906859e-08	4.930622e-08	4.954385e-08	4.978148e-08	5.001911e-08	5.025674e-08	5.049437e-08
4.950047e-08	4.970234e-08	4.990421e-08	5.010608e-08	5.030795e-08	5.050982e-08	5.071169e-08	5.091356e-08	5.111543e-08
4.947366e-08	4.966172e-08	4.984978e-08	5.003784e-08	5.022590e-08	5.041396e-08	5.060202e-08	5.079008e-08	5.097814e-08
4.950330e-08	4.975870e-08	5.001410e-08	5.026950e-08	5.052490e-08	5.078030e-08	5.103570e-08	5.129110e-08	5.154650e-08
4.952112e-08	4.973134e-08	4.994156e-08	5.015178e-08	5.036200e-08	5.057222e-08	5.078244e-08	5.099266e-08	5.120288e-08
4.998539e-08	5.020658e-08	5.042777e-08	5.064896e-08	5.087015e-08	5.109134e-08	5.131253e-08	5.153372e-08	5.175491e-08
5.018060e-08	5.040200e-08	5.062340e-08	5.084480e-08	5.106620e-08	5.128760e-08	5.150900e-08	5.173040e-08	5.195180e-08
5.011483e-08	5.042586e-08	5.073689e-08	5.104792e-08	5.135895e-08	5.166998e-08	5.198101e-08	5.229204e-08	5.260307e-08
5.037074e-08	5.058968e-08	5.080862e-08	5.102756e-08	5.124650e-08	5.146544e-08	5.168438e-08	5.190332e-08	5.212226e-08
5.036747e-08	5.061614e-08	5.086481e-08	5.111348e-08	5.136215e-08	5.161082e-08	5.185949e-08	5.210816e-08	5.235683e-08
5.027532e-08	5.049704e-08	5.071876e-08	5.094048e-08	5.116220e-08	5.138392e-08	5.160564e-08	5.182736e-08	5.204908e-08
2.041826e-07	2.053212e-07	2.064598e-07	2.075984e-07	2.087370e-07	2.098756e-07	2.110142e-07	2.121528e-07	2.132914e-07
5.000399e-08	5.036398e-08	5.072397e-08	5.108396e-08	5.144395e-08	5.180394e-08	5.216393e-08	5.252392e-08	5.288391e-08
5.024401e-08	5.057902e-08	5.091403e-08	5.124904e-08	5.158405e-08	5.191906e-08	5.225407e-08	5.258908e-08	5.292409e-08
5.152149e-08	5.186528e-08	5.220907e-08	5.255286e-08	5.289665e-08	5.324044e-08	5.358423e-08	5.392802e-08	5.427181e-08
5.026395e-08	5.057700e-08	5.089005e-08	5.120310e-08	5.151615e-08	5.182920e-08	5.214225e-08	5.245530e-08	5.276835e-08
5.044605e-08	5.079070e-08	5.113535e-08	5.148000e-08	5.182465e-08	5.216930e-08	5.251395e-08	5.285860e-08	5.320325e-08
5.144863e-08	5.179696e-08	5.214529e-08	5.249362e-08	5.284195e-08	5.319028e-08	5.353861e-08	5.388694e-08	5.423527e-08
5.017759e-08	5.052518e-08	5.087277e-08	5.122036e-08	5.156795e-08	5.191554e-08	5.226313e-08	5.261072e-08	5.295831e-08
4.997493e-08	5.034556e-08	5.071619e-08	5.108682e-08	5.145745e-08	5.182808e-08	5.219871e-08	5.256934e-08	5.293997e-08
5.124657e-08	5.159074e-08	5.193491e-08	5.227908e-08	5.262325e-08	5.296742e-08	5.331159e-08	5.365576e-08	5.399993e-08
3.046467e-06	3.075854e-06	3.105241e-06	3.134628e-06	3.164015e-06	3.193402e-06	3.222789e-06	3.252176e-06	3.281563e-06
4.976000e-08	5.012820e-08	5.049640e-08	5.086460e-08	5.123280e-08	5.160100e-08	5.196920e-08	5.233740e-08	5.270560e-08
4.956183e-08	4.991606e-08	5.027029e-08	5.062452e-08	5.097875e-08	5.133298e-08	5.168721e-08	5.204144e-08	5.239567e-08
4.897065e-08	4.936380e-08	4.975695e-08	5.015010e-08	5.054325e-08	5.093640e-08	5.132955e-08	5.172270e-08	5.211585e-08
8.246613e-08	8.339036e-08	8.431459e-08	8.523882e-08	8.616305e-08	8.708728e-08	8.801151e-08	8.893574e-08	8.985997e-08
4.872819e-08	4.911138e-08	4.949457e-08	4.987776e-08	5.026095e-08	5.064414e-08	5.102733e-08	5.141052e-08	5.179371e-08
4.878077e-08	4.917034e-08	4.955991e-08	4.994948e-08	5.033905e-08	5.072862e-08	5.111819e-08	5.150776e-08	5.189733e-08
4.818998e-08	4.862936e-08	4.906874e-08	4.950812e-08	4.994750e-08	5.038688e-08	5.082626e-08	5.126564e-08	5.170502e-08
4.851153e-08	4.890596e-08	4.930039e-08	4.969482e-08	5.008925e-08	5.048368e-08	5.087811e-08	5.127254e-08	5.166697e-08
4.895793e-08	4.939466e-08	4.983139e-08	5.026812e-08	5.070485e-08	5.114158e-08	5.157831e-08	5.201504e-08	5.245177e-08
4.829834e-08	4.868648e-08	4.907462e-08	4.946276e-08	4.985090e-08	5.023904e-08	5.062718e-08	5.101532e-08	5.140346e-08
4.818768e-08	4.857986e-08	4.897204e-08	4.936422e-08	4.975640e-08	5.014858e-08	5.054076e-08	5.093294e-08	5.132512e-08
1.376250e-07	1.391260e-07	1.406270e-07	1.421280e-07	1.436290e-07	1.451300e-07	1.466310e-07	1.481320e-07	1.496330e-07
1.447853e-06	1.465816e-06	1.483779e-06	1.501742e-06	1.519705e-06	1.537668e-06	1.555631e-06	1.573594e-06	1.591557e-06
4.810287e-08	4.857444e-08	4.904601e-08	4.951758e-08	4.998915e-08	5.046072e-08	5.093229e-08	5.140386e-08	5.187543e-08
1.612218e-07	1.626206e-07	1.640194e-07	1.654182e-07	1.668170e-07	1.682158e-07	1.696146e-07	1.710134e-07	1.724122e-07
6.670614e-07	6.740058e-07	6.809502e-07	6.878946e-07	6.948390e-07	7.017834e-07	7.087278e-07	7.156722e-07	7.226166e-07
4.593617e-08	4.644014e-08	4.694411e-08	4.744808e-08	4.795205e-08	4.845602e-08	4.895999e-08	4.946396e-08	4.996793e-08
7.168698e-08	7.248606e-08	7.328514e-08	7.408422e-08	7.488330e-08	7.568238e-08	7.648146e-08	7.728054e-08	7.807962e-08
3.879419e-08	3.910928e-08	3.942437e-08	3.973946e-08	4.005455e-08	4.036964e-08	4.068473e-08	4.099982e-08	4.131491e-08
3.319391e-08	3.337852e-08	3.356313e-08	3.374774e-08	3.393235e-08	3.411696e-08	3.430157e-08	3.448618e-08	3.467079e-08
3.299479e-08	3.323348e-08	3.347217e-08	3.371086e-08	3.394955e-08	3.418824e-08	3.442693e-08	3.466562e-08	3.490431e-08
3.285025e-08	3.313400e-08	3.341775e-08	3.370150e-08	3.398525e-08	3.426900e-08	3.455275e-08	3.483650e-08	3.512025e-08
3.325765e-08	3.344140e-08	3.362515e-08	3.380890e-08	3.399265e-08	3.417640e-08	3.436015e-08	3.454390e-08	3.472765e-08
3.321358e-08	3.339446e-08	3.357534e-08	3.375622e-08	3.393710e-08	3.411798e-08	3.429886e-08	3.447974e-08	3.466062e-08
3.323302e-08	3.341424e-08	3.359546e-08	3.377668e-08	3.395790e-08	3.413912e-08	3.432034e-08	3.450156e-08	3.468278e-08
4.139940e-08	4.176120e-08	4.212300e-08	4.248480e-08	4.284660e-08	4.320840e-08	4.357020e-08	4.393200e-08	4.429380e-08
3.297467e-08	3.311854e-08	3.326241e-08	3.340628e-08	3.355015e-08	3.369402e-08	3.383789e-08	3.398176e-08	3.412563e-08
3.311678e-08	3.338876e-08	3.366074e-08	3.393272e-08	3.420470e-08	3.447668e-08	3.474866e-08	3.502064e-08	3.529262e-08
3.294505e-08	3.319350e-08	3.344195e-08	3.369040e-08	3.393885e-08	3.418730e-08	3.443575e-08	3.468420e-08	3.493265e-08
2.464115e-07	2.478590e-07	2.493065e-07	2.507540e-07	2.522015e-07	2.536490e-07	2.550965e-07	2.565440e-07	2.579915e-07
3.427132e-08	3.456754e-08	3.486376e-08	3.515998e-08	3.545620e-08	3.575242e-08	3.604864e-08	3.634486e-08	3.664108e-08
5.300988e-08	5.369646e-08	5.438304e-08	5.506962e-08	5.575620e-08	5.644278e-08	5.712936e-08	5.781594e-08	5.850252e-08
5.058798e-08	5.076636e-08	5.094474e-08	5.112312e-08	5.130150e-08	5.147988e-08	5.165826e-08	5.183664e-08	5.201502e-08
2.905897e-08	2.923494e-08	2.941091e-08	2.958688e-08	2.976285e-08	2.993882e-08	3.011479e-08	3.029076e-08	3.046673e-08
2.943533e-08	2.962066e-08	2.980599e-08	2.999132e-08	3.017665e-08	3.036198e-08	3.054731e-08	3.073264e-08	3.091797e-08
2.862758e-08	2.880656e-08	2.898554e-08	2.916452e-08	2.934350e-08	2.952248e-08	2.970146e-08	2.988044e-08	3.005942e-08
3.489124e-08	3.511448e-08	3.533772e-08	3.556096e-08	3.578420e-08	3.600744e-08	3.623068e-08	3.645392e-08	3.667716e-08
2.659537e-08	2.678424e-08	2.697311e-08	2.716198e-08	2.735085e-08	2.753972e-08	2.772859e-08	2.791746e-08	2.810633e-08
2.676828e-08	2.690606e-08	2.704384e-08	2.718162e-08	2.731940e-08	2.745718e-08	2.759496e-08	2.773274e-08	2.787052e-08
2.657369e-08	2.674858e-08	2.692347e-08	2.709836e-08	2.727325e-08	2.744814e-08	2.762303e-08	2.779792e-08	2.797281e-08
2.671046e-08	2.686782e-08	2.702518e-08	2.718254e-08	2.733990e-08	2.749726e-08	2.765462e-08	2.781198e-08	2.796934e-08
2.679864e-08	2.699308e-08	2.718752e-08	2.738196e-08	2.757640e-08	2.777084e-08	2.796528e-08	2.815972e-08	2.835416e-08
2.666648e-08	2.679906e-08	2.693164e-08	2.706422e-08	2.719680e-08	2.732938e-08	2.746196e-08	2.759454e-08	2.772712e-08
2.688155e-08	2.703090e-08	2.718025e-08	2.732960e-08	2.747895e-08	2.762830e-08	2.777765e-08	2.792700e-08	2.807635e-08
2.658085e-08	2.679000e-08	2.699915e-08	2.720830e-08	2.741745e-08	2.762660e-08	2.783575e-08	2.804490e-08	2.825405e-08
2.628175e-08	2.648490e-08	2.668805e-08	2.689120e-08	2.709435e-08	2.729750e-08	2.750065e-08	2.770380e-08	2.790695e-08
2.630689e-08	2.649928e-08	2.669167e-08	2.688406e-08	2.707645e-08	2.726884e-08	2.746123e-08	2.765362e-08	2.784601e-08
2.650596e-08	2.670452e-08	2.690308e-08	2.710164e-08	2.730020e-08	2.749876e-08	2.769732e-08	2.789588e-08	2.809444e-08
2.662697e-08	2.675354e-08	2.688011e-08	2.700668e-08	2.713325e-08	2.725982e-08	2.738639e-08	2.751296e-08	2.763953e-08
2.623482e-08	2.642654e-08	2.661826e-08	2.680998e-08	2.700170e-08	2.719342e-08	2.738514e-08	2.757686e-08	2.776858e-08
2.627578e-08	2.643786e-08	2.659994e-08	2.676202e-08	2.692410e-08	2.708618e-08	2.724826e-08	2.741034e-08	2.757242e-08
2.639279e-08	2.653848e-08	2.668417e-08	2.682986e-08	2.697555e-08	2.712124e-08	2.726693e-08	2.741262e-08	2.755831e-08
2.631605e-08	2.644390e-08	2.657175e-08	2.669960e-08	2.682745e-08	2.695530e-08	2.708315e-08	2.721100e-08	2.733885e-08
2.616555e-08	2.634240e-08	2.651925e-08	2.669610e-08	2.687295e-08	2.704980e-08	2.722665e-08	2.740350e-08	2.758035e-08
2.594847e-08	2.613214e-08	2.631581e-08	2.649948e-08	2.668315e-08	2.686682e-08	2.705049e-08	2.723416e-08	2.741783e-08
2.582120e-08	2.603270e-08	2.624420e-08	2.645570e-08	2.666720e-08	2.687870e-08	2.709020e-08	2.730170e-08	2.751320e-08
2.591472e-08	2.611404e-08	2.631336e-08	2.651268e-08	2.671200e-08	2.691132e-08	2.711064e-08	2.730996e-08	2.750928e-08
2.604200e-08	2.623190e-08	2.642180e-08	2.661170e-08	2.680160e-08	2.699150e-08	2.718140e-08	2.737130e-08	2.756120e-08
2.565865e-08	2.585450e-08	2.605035e-08	2.624620e-08	2.644205e-08	2.663790e-08	2.683375e-08	2.702960e-08	2.722545e-08
2.598515e-08	2.614800e-08	2.631085e-08	2.647370e-08	2.663655e-08	2.679940e-08	2.696225e-08	2.712510e-08	2.728795e-08
2.561141e-08	2.581982e-08	2.602823e-08	2.623664e-08	2.644505e-08	2.665346e-08	2.686187e-08	2.707028e-08	2.727869e-08
2.555422e-08	2.578714e-08	2.602006e-08	2.625298e-08	2.648590e-08	2.671882e-08	2.695174e-08	2.718466e-08	2.741758e-08
2.573354e-08	2.596708e-08	2.620062e-08	2.643416e-08	2.666770e-08	2.690124e-08	2.713478e-08	2.736832e-08	2.760186e-08
2.571307e-08	2.589054e-08	2.606801e-08	2.624548e-08	2.642295e-08	2.660042e-08	2.677789e-08	2.695536e-08	2.713283e-08
2.549902e-08	2.571074e-08	2.592246e-08	2.613418e-08	2.634590e-08	2.655762e-08	2.676934e-08	2.698106e-08	2.719278e-08
2.515327e-08	2.542674e-08	2.570021e-08	2.597368e-08	2.624715e-08	2.652062e-08	2.679409e-08	2.706756e-08	2.734103e-08
2.477113e-08	2.499616e-08	2.522119e-08	2.544622e-08	2.567125e-08	2.589628e-08	2.612131e-08	2.634634e-08	2.657137e-08
2.496298e-08	2.523516e-08	2.550734e-08	2.577952e-08	2.605170e-08	2.632388e-08	2.659606e-08	2.686824e-08	2.714042e-08
2.490804e-08	2.512328e-08	2.533852e-08	2.555376e-08	2.576900e-08	2.598424e-08	2.619948e-08	2.641472e-08	2.662996e-08
2.505283e-08	2.525576e-08	2.545869e-08	2.566162e-08	2.586455e-08	2.606748e-08	2.627041e-08	2.647334e-08	2.667627e-08
2.480067e-08	2.501094e-08	2.522121e-08	2.543148e-08	2.564175e-08	2.585202e-08	2.606229e-08	2.627256e-08	2.648283e-08
2.471182e-08	2.494394e-08	2.517606e-08	2.540818e-08	2.564030e-08	2.587242e-08	2.610454e-08	2.633666e-08	2.656878e-08
2.501692e-08	2.519484e-08	2.537276e-08	2.555068e-08	2.572860e-08	2.590652e-08	2.608444e-08	2.626236e-08	2.644028e-08
2.459628e-08	2.485586e-08	2.511544e-08	2.537502e-08	2.563460e-08	2.589418e-08	2.615376e-08	2.641334e-08	2.667292e-08
2.425409e-08	2.455028e-08	2.484647e-08	2.514266e-08	2.543885e-08	2.573504e-08	2.603123e-08	2.632742e-08	2.662361e-08
2.406740e-08	2.434650e-08	2.462560e-08	2.490470e-08	2.518380e-08	2.546290e-08	2.574200e-08	2.602110e-08	2.630020e-08
2.405841e-08	2.432482e-08	2.459123e-08	2.485764e-08	2.512405e-08	2.539046e-08	2.565687e-08	2.592328e-08	2.618969e-08
2.412158e-08	2.436376e-08	2.460594e-08	2.484812e-08	2.509030e-08	2.533248e-08	2.557466e-08	2.581684e-08	2.605902e-08
2.404776e-08	2.430512e-08	2.456248e-08	2.481984e-08	2.507720e-08	2.533456e-08	2.559192e-08	2.584928e-08	2.610664e-08
2.397829e-08	2.416788e-08	2.435747e-08	2.454706e-08	2.473665e-08	2.492624e-08	2.511583e-08	2.530542e-08	2.549501e-08
2.402268e-08	2.427686e-08	2.453104e-08	2.478522e-08	2.503940e-08	2.529358e-08	2.554776e-08	2.580194e-08	2.605612e-08
2.368660e-08	2.393660e-08	2.418660e-08	2.443660e-08	2.468660e-08	2.493660e-08	2.518660e-08	2.543660e-08	2.568660e-08
2.371562e-08	2.394184e-08	2.416806e-08	2.439428e-08	2.462050e-08	2.484672e-08	2.507294e-08	2.529916e-08	2.552538e-08
2.351931e-08	2.375112e-08	2.398293e-08	2.421474e-08	2.444655e-08	2.467836e-08	2.491017e-08	2.514198e-08	2.537379e-08
2.369469e-08	2.395048e-08	2.420627e-08	2.446206e-08	2.471785e-08	2.497364e-08	2.522943e-08	2.548522e-08	2.574101e-08
2.328301e-08	2.357082e-08	2.385863e-08	2.414644e-08	2.443425e-08	2.472206e-08	2.500987e-08	2.529768e-08	2.558549e-08
2.340680e-08	2.364790e-08	2.388900e-08	2.413010e-08	2.437120e-08	2.461230e-08	2.485340e-08	2.509450e-08	2.533560e-08
2.336345e-08	2.355320e-08	2.374295e-08	2.393270e-08	2.412245e-08	2.431220e-08	2.450195e-08	2.469170e-08	2.488145e-08
2.302722e-08	2.328694e-08	2.354666e-08	2.380638e-08	2.406610e-08	2.432582e-08	2.458554e-08	2.484526e-08	2.510498e-08
2.269523e-08	2.293196e-08	2.316869e-08	2.340542e-08	2.364215e-08	2.387888e-08	2.411561e-08	2.435234e-08	2.458907e-08
2.309473e-08	2.332606e-08	2.355739e-08	2.378872e-08	2.402005e-08	2.425138e-08	2.448271e-08	2.471404e-08	2.494537e-08
2.272965e-08	2.300210e-08	2.327455e-08	2.354700e-08	2.381945e-08	2.409190e-08	2.436435e-08	2.463680e-08	2.490925e-08
2.228983e-08	2.256556e-08	2.284129e-08	2.311702e-08	2.339275e-08	2.366848e-08	2.394421e-08	2.421994e-08	2.449567e-08
2.276292e-08	2.299804e-08	2.323316e-08	2.346828e-08	2.370340e-08	2.393852e-08	2.417364e-08	2.440876e-08	2.464388e-08
2.244526e-08	2.269312e-08	2.294098e-08	2.318884e-08	2.343670e-08	2.368456e-08	2.393242e-08	2.418028e-08	2.442814e-08
2.238358e-08	2.264046e-08	2.289734e-08	2.315422e-08	2.341110e-08	2.366798e-08	2.392486e-08	2.418174e-08	2.443862e-08
2.218468e-08	2.244476e-08	2.270484e-08	2.296492e-08	2.322500e-08	2.348508e-08	2.374516e-08	2.400524e-08	2.426532e-08
2.229599e-08	2.258388e-08	2.287177e-08	2.315966e-08	2.344755e-08	2.373544e-08	2.402333e-08	2.431122e-08	2.459911e-08
2.235036e-08	2.257802e-08	2.280568e-08	2.303334e-08	2.326100e-08	2.348866e-08	2.371632e-08	2.394398e-08	2.417164e-08
2.259639e-08	2.282778e-08	2.305917e-08	2.329056e-08	2.352195e-08	2.375334e-08	2.398473e-08	2.421612e-08	2.444751e-08
2.218743e-08	2.243506e-08	2.268269e-08	2.293032e-08	2.317795e-08	2.342558e-08	2.367321e-08	2.392084e-08	2.416847e-08
2.197356e-08	2.226602e-08	2.255848e-08	2.285094e-08	2.314340e-08	2.343586e-08	2.372832e-08	2.402078e-08	2.431324e-08
2.186431e-08	2.209472e-08	2.232513e-08	2.255554e-08	2.278595e-08	2.301636e-08	2.324677e-08	2.347718e-08	2.370759e-08
2.183343e-08	2.207206e-08	2.231069e-08	2.254932e-08	2.278795e-08	2.302658e-08	2.326521e-08	2.350384e-08	2.374247e-08
2.167004e-08	2.193518e-08	2.220032e-08	2.246546e-08	2.273060e-08	2.299574e-08	2.326088e-08	2.352602e-08	2.379116e-08
2.131225e-08	2.157650e-08	2.184075e-08	2.210500e-08	2.236925e-08	2.263350e-08	2.289775e-08	2.316200e-08	2.342625e-08
2.144250e-08	2.168840e-08	2.193430e-08	2.218020e-08	2.242610e-08	2.267200e-08	2.291790e-08	2.316380e-08	2.340970e-08
2.158878e-08	2.182796e-08	2.206714e-08	2.230632e-08	2.254550e-08	2.278468e-08	2.302386e-08	2.326304e-08	2.350222e-08
2.142907e-08	2.165984e-08	2.189061e-08	2.212138e-08	2.235215e-08	2.258292e-08	2.281369e-08	2.304446e-08	2.327523e-08
2.124129e-08	2.147098e-08	2.170067e-08	2.193036e-08	2.216005e-08	2.238974e-08	2.261943e-08	2.284912e-08	2.307881e-08
2.096635e-08	2.121600e-08	2.146565e-08	2.171530e-08	2.196495e-08	2.221460e-08	2.246425e-08	2.271390e-08	2.296355e-08
2.069095e-08	2.092110e-08	2.115125e-08	2.138140e-08	2.161155e-08	2.184170e-08	2.207185e-08	2.230200e-08	2.253215e-08
2.075737e-08	2.101514e-08	2.127291e-08	2.153068e-08	2.178845e-08	2.204622e-08	2.230399e-08	2.256176e-08	2.281953e-08
2.083809e-08	2.109158e-08	2.134507e-08	2.159856e-08	2.185205e-08	2.210554e-08	2.235903e-08	2.261252e-08	2.286601e-08
2.106206e-08	2.128472e-08	2.150738e-08	2.173004e-08	2.195270e-08	2.217536e-08	2.239802e-08	2.262068e-08	2.284334e-08
2.090714e-08	2.112418e-08	2.134122e-08	2.155826e-08	2.177530e-08	2.199234e-08	2.220938e-08	2.242642e-08	2.264346e-08
2.061059e-08	2.080718e-08	2.100377e-08	2.120036e-08	2.139695e-08	2.159354e-08	2.179013e-08	2.198672e-08	2.218331e-08
2.007444e-08	2.039168e-08	2.070892e-08	2.102616e-08	2.134340e-08	2.166064e-08	2.197788e-08	2.229512e-08	2.261236e-08
2.029224e-08	2.058918e-08	2.088612e-08	2.118306e-08	2.148000e-08	2.177694e-08	2.207388e-08	2.237082e-08	2.266776e-08
2.031242e-08	2.056574e-08	2.081906e-08	2.107238e-08	2.132570e-08	2.157902e-08	2.183234e-08	2.208566e-08	2.233898e-08
2.021391e-08	2.046662e-08	2.071933e-08	2.097204e-08	2.122475e-08	2.147746e-08	2.173017e-08	2.198288e-08	2.223559e-08
2.024233e-08	2.051356e-08	2.078479e-08	2.105602e-08	2.132725e-08	2.159848e-08	2.186971e-08	2.214094e-08	2.241217e-08
2.011210e-08	2.037800e-08	2.064390e-08	2.090980e-08	2.117570e-08	2.144160e-08	2.170750e-08	2.197340e-08	2.223930e-08
1.955018e-08	1.981456e-08	2.007894e-08	2.034332e-08	2.060770e-08	2.087208e-08	2.113646e-08	2.140084e-08	2.166522e-08
1.969399e-08	1.990038e-08	2.010677e-08	2.031316e-08	2.051955e-08	2.072594e-08	2.093233e-08	2.113872e-08	2.134511e-08
1.968913e-08	1.990456e-08	2.011999e-08	2.033542e-08	2.055085e-08	2.076628e-08	2.098171e-08	2.119714e-08	2.141257e-08
1.963345e-08	1.988500e-08	2.013655e-08	2.038810e-08	2.063965e-08	2.089120e-08	2.114275e-08	2.139430e-08	2.164585e-08
1.958568e-08	1.980316e-08	2.002064e-08	2.023812e-08	2.045560e-08	2.067308e-08	2.089056e-08	2.110804e-08	2.132552e-08
1.935134e-08	1.959478e-08	1.983822e-08	2.008166e-08	2.032510e-08	2.056854e-08	2.081198e-08	2.105542e-08	2.129886e-08
1.916107e-08	1.940844e-08	1.965581e-08	1.990318e-08	2.015055e-08	2.039792e-08	2.064529e-08	2.089266e-08	2.114003e-08
1.924278e-08	1.948196e-08	1.972114e-08	1.996032e-08	2.019950e-08	2.043868e-08	2.067786e-08	2.091704e-08	2.115622e-08
1.925593e-08	1.950366e-08	1.975139e-08	1.999912e-08	2.024685e-08	2.049458e-08	2.074231e-08	2.099004e-08	2.123777e-08
1.923143e-08	1.945516e-08	1.967889e-08	1.990262e-08	2.012635e-08	2.035008e-08	2.057381e-08	2.079754e-08	2.102127e-08
1.876499e-08	1.901148e-08	1.925797e-08	1.950446e-08	1.975095e-08	1.999744e-08	2.024393e-08	2.049042e-08	2.073691e-08
1.879177e-08	1.904104e-08	1.929031e-08	1.953958e-08	1.978885e-08	2.003812e-08	2.028739e-08	2.053666e-08	2.078593e-08
1.865558e-08	1.890616e-08	1.915674e-08	1.940732e-08	1.965790e-08	1.990848e-08	2.015906e-08	2.040964e-08	2.066022e-08
1.871218e-08	1.894436e-08	1.917654e-08	1.940872e-08	1.964090e-08	1.987308e-08	2.010526e-08	2.033744e-08	2.056962e-08
1.850547e-08	1.876364e-08	1.902181e-08	1.927998e-08	1.953815e-08	1.979632e-08	2.005449e-08	2.031266e-08	2.057083e-08
1.847782e-08	1.873484e-08	1.899186e-08	1.924888e-08	1.950590e-08	1.976292e-08	2.001994e-08	2.027696e-08	2.053398e-08
1.853799e-08	1.877388e-08	1.900977e-08	1.924566e-08	1.948155e-08	1.971744e-08	1.995333e-08	2.018922e-08	2.042511e-08
1.826400e-08	1.851510e-08	1.876620e-08	1.901730e-08	1.926840e-08	1.951950e-08	1.977060e-08	2.002170e-08	2.027280e-08
1.813616e-08	1.837572e-08	1.861528e-08	1.885484e-08	1.909440e-08	1.933396e-08	1.957352e-08	1.981308e-08	2.005264e-08
1.817753e-08	1.840486e-08	1.863219e-08	1.885952e-08	1.908685e-08	1.931418e-08	1.954151e-08	1.976884e-08	1.999617e-08
1.811962e-08	1.835694e-08	1.859426e-08	1.883158e-08	1.906890e-08	1.930622e-08	1.954354e-08	1.978086e-08	2.001818e-08
1.784503e-08	1.810686e-08	1.836869e-08	1.863052e-08	1.889235e-08	1.915418e-08	1.941601e-08	1.967784e-08	1.993967e-08
1.787985e-08	1.810930e-08	1.833875e-08	1.856820e-08	1.879765e-08	1.902710e-08	1.925655e-08	1.948600e-08	1.971545e-08
1.748162e-08	1.772784e-08	1.797406e-08	1.822028e-08	1.846650e-08	1.871272e-08	1.895894e-08	1.920516e-08	1.945138e-08
1.780043e-08	1.803196e-08	1.826349e-08	1.849502e-08	1.872655e-08	1.895808e-08	1.918961e-08	1.942114e-08	1.965267e-08
1.733654e-08	1.761298e-08	1.788942e-08	1.816586e-08	1.844230e-08	1.871874e-08	1.899518e-08	1.927162e-08	1.954806e-08
1.758482e-08	1.781564e-08	1.804646e-08	1.827728e-08	1.850810e-08	1.873892e-08	1.896974e-08	1.920056e-08	1.943138e-08
1.735435e-08	1.759430e-08	1.783425e-08	1.807420e-08	1.831415e-08	1.855410e-08	1.879405e-08	1.903400e-08	1.927395e-08
1.702036e-08	1.726312e-08	1.750588e-08	1.774864e-08	1.799140e-08	1.823416e-08	1.847692e-08	1.871968e-08	1.896244e-08
1.718595e-08	1.745470e-08	1.772345e-08	1.799220e-08	1.826095e-08	1.852970e-08	1.879845e-08	1.906720e-08	1.933595e-08
1.725190e-08	1.746900e-08	1.768610e-08	1.790320e-08	1.812030e-08	1.833740e-08	1.855450e-08	1.877160e-08	1.898870e-08
1.705306e-08	1.722382e-08	1.739458e-08	1.756534e-08	1.773610e-08	1.790686e-08	1.807762e-08	1.824838e-08	1.841914e-08
1.682615e-08	1.708210e-08	1.733805e-08	1.759400e-08	1.784995e-08	1.810590e-08	1.836185e-08	1.861780e-08	1.887375e-08
1.700193e-08	1.725376e-08	1.750559e-08	1.775742e-08	1.800925e-08	1.826108e-08	1.851291e-08	1.876474e-08	1.901657e-08
1.672283e-08	1.696676e-08	1.721069e-08	1.745462e-08	1.769855e-08	1.794248e-08	1.818641e-08	1.843034e-08	1.867427e-08
1.643349e-08	1.672148e-08	1.700947e-08	1.729746e-08	1.758545e-08	1.787344e-08	1.816143e-08	1.844942e-08	1.873741e-08
1.660901e-08	1.684662e-08	1.708423e-08	1.732184e-08	1.755945e-08	1.779706e-08	1.803467e-08	1.827228e-08	1.850989e-08
1.644047e-08	1.670154e-08	1.696261e-08	1.722368e-08	1.748475e-08	1.774582e-08	1.800689e-08	1.826796e-08	1.852903e-08
1.659468e-08	1.684106e-08	1.708744e-08	1.733382e-08	1.758020e-08	1.782658e-08	1.807296e-08	1.831934e-08	1.856572e-08
1.617907e-08	1.640454e-08	1.663001e-08	1.685548e-08	1.708095e-08	1.730642e-08	1.753189e-08	1.775736e-08	1.798283e-08
1.633803e-08	1.658406e-08	1.683009e-08	1.707612e-08	1.732215e-08	1.756818e-08	1.781421e-08	1.806024e-08	1.830627e-08
1.631443e-08	1.656696e-08	1.681949e-08	1.707202e-08	1.732455e-08	1.757708e-08	1.782961e-08	1.808214e-08	1.833467e-08
1.630229e-08	1.652768e-08	1.675307e-08	1.697846e-08	1.720385e-08	1.742924e-08	1.765463e-08	1.788002e-08	1.810541e-08
1.597438e-08	1.623076e-08	1.648714e-08	1.674352e-08	1.699990e-08	1.725628e-08	1.751266e-08	1.776904e-08	1.802542e-08
1.632945e-08	1.653100e-08	1.673255e-08	1.693410e-08	1.713565e-08	1.733720e-08	1.753875e-08	1.774030e-08	1.794185e-08
1.586764e-08	1.612968e-08	1.639172e-08	1.665376e-08	1.691580e-08	1.717784e-08	1.743988e-08	1.770192e-08	1.796396e-08
1.585645e-08	1.607760e-08	1.629875e-08	1.651990e-08	1.674105e-08	1.696220e-08	1.718335e-08	1.740450e-08	1.762565e-08
1.568406e-08	1.591372e-08	1.614338e-08	1.637304e-08	1.660270e-08	1.683236e-08	1.706202e-08	1.729168e-08	1.752134e-08
1.567999e-08	1.592438e-08	1.616877e-08	1.641316e-08	1.665755e-08	1.690194e-08	1.714633e-08	1.739072e-08	1.763511e-08
1.556216e-08	1.579312e-08	1.602408e-08	1.625504e-08	1.648600e-08	1.671696e-08	1.694792e-08	1.717888e-08	1.740984e-08
1.547857e-08	1.573814e-08	1.599771e-08	1.625728e-08	1.651685e-08	1.677642e-08	1.703599e-08	1.729556e-08	1.755513e-08
1.521371e-08	1.546482e-08	1.571593e-08	1.596704e-08	1.621815e-08	1.646926e-08	1.672037e-08	1.697148e-08	1.722259e-08
1.555330e-08	1.575370e-08	1.595410e-08	1.615450e-08	1.635490e-08	1.655530e-08	1.675570e-08	1.695610e-08	1.715650e-08
1.543109e-08	1.564598e-08	1.586087e-08	1.607576e-08	1.629065e-08	1.650554e-08	1.672043e-08	1.693532e-08	1.715021e-08
1.520927e-08	1.543424e-08	1.565921e-08	1.588418e-08	1.610915e-08	1.633412e-08	1.655909e-08	1.678406e-08	1.700903e-08
1.511918e-08	1.535466e-08	1.559014e-08	1.582562e-08	1.606110e-08	1.629658e-08	1.653206e-08	1.676754e-08	1.700302e-08
1.491415e-08	1.517050e-08	1.542685e-08	1.568320e-08	1.593955e-08	1.619590e-08	1.645225e-08	1.670860e-08	1.696495e-08
1.507941e-08	1.526402e-08	1.544863e-08	1.563324e-08	1.581785e-08	1.600246e-08	1.618707e-08	1.637168e-08	1.655629e-08
1.496065e-08	1.519400e-08	1.542735e-08	1.566070e-08	1.589405e-08	1.612740e-08	1.636075e-08	1.659410e-08	1.682745e-08
1.484998e-08	1.507606e-08	1.530214e-08	1.552822e-08	1.575430e-08	1.598038e-08	1.620646e-08	1.643254e-08	1.665862e-08
1.459968e-08	1.487306e-08	1.514644e-08	1.541982e-08	1.569320e-08	1.596658e-08	1.623996e-08	1.651334e-08	1.678672e-08
1.466810e-08	1.492070e-08	1.517330e-08	1.542590e-08	1.567850e-08	1.593110e-08	1.618370e-08	1.643630e-08	1.668890e-08
1.458654e-08	1.481908e-08	1.505162e-08	1.528416e-08	1.551670e-08	1.574924e-08	1.598178e-08	1.621432e-08	1.644686e-08
1.468262e-08	1.489144e-08	1.510026e-08	1.530908e-08	1.551790e-08	1.572672e-08	1.593554e-08	1.614436e-08	1.635318e-08
1.433954e-08	1.459798e-08	1.485642e-08	1.511486e-08	1.537330e-08	1.563174e-08	1.589018e-08	1.614862e-08	1.640706e-08
1.436690e-08	1.462160e-08	1.487630e-08	1.513100e-08	1.538570e-08	1.564040e-08	1.589510e-08	1.614980e-08	1.640450e-08
1.446561e-08	1.468422e-08	1.490283e-08	1.512144e-08	1.534005e-08	1.555866e-08	1.577727e-08	1.599588e-08	1.621449e-08
1.428727e-08	1.454024e-08	1.479321e-08	1.504618e-08	1.529915e-08	1.555212e-08	1.580509e-08	1.605806e-08	1.631103e-08
1.422870e-08	1.443540e-08	1.464210e-08	1.484880e-08	1.505550e-08	1.526220e-08	1.546890e-08	1.567560e-08	1.588230e-08
1.407982e-08	1.433324e-08	1.458666e-08	1.484008e-08	1.509350e-08	1.534692e-08	1.560034e-08	1.585376e-08	1.610718e-08
1.406923e-08	1.428856e-08	1.450789e-08	1.472722e-08	1.494655e-08	1.516588e-08	1.538521e-08	1.560454e-08	1.582387e-08
1.391670e-08	1.414780e-08	1.437890e-08	1.461000e-08	1.484110e-08	1.507220e-08	1.530330e-08	1.553440e-08	1.576550e-08
1.417139e-08	1.435318e-08	1.453497e-08	1.471676e-08	1.489855e-08	1.508034e-08	1.526213e-08	1.544392e-08	1.562571e-08
1.396529e-08	1.420648e-08	1.444767e-08	1.468886e-08	1.493005e-08	1.517124e-08	1.541243e-08	1.565362e-08	1.589481e-08
1.372062e-08	1.395804e-08	1.419546e-08	1.443288e-08	1.467030e-08	1.490772e-08	1.514514e-08	1.538256e-08	1.561998e-08
1.370872e-08	1.392374e-08	1.413876e-08	1.435378e-08	1.456880e-08	1.478382e-08	1.499884e-08	1.521386e-08	1.542888e-08
1.380758e-08	1.405646e-08	1.430534e-08	1.455422e-08	1.480310e-08	1.505198e-08	1.530086e-08	1.554974e-08	1.579862e-08
1.372571e-08	1.391842e-08	1.411113e-08	1.430384e-08	1.449655e-08	1.468926e-08	1.488197e-08	1.507468e-08	1.526739e-08
1.351943e-08	1.375236e-08	1.398529e-08	1.421822e-08	1.445115e-08	1.468408e-08	1.491701e-08	1.514994e-08	1.538287e-08
1.322529e-08	1.345498e-08	1.368467e-08	1.391436e-08	1.414405e-08	1.437374e-08	1.460343e-08	1.483312e-08	1.506281e-08
1.326573e-08	1.351486e-08	1.376399e-08	1.401312e-08	1.426225e-08	1.451138e-08	1.476051e-08	1.500964e-08	1.525877e-08
1.338196e-08	1.355322e-08	1.372448e-08	1.389574e-08	1.406700e-08	1.423826e-08	1.440952e-08	1.458078e-08	1.475204e-08
1.305017e-08	1.328214e-08	1.351411e-08	1.374608e-08	1.397805e-08	1.421002e-08	1.444199e-08	1.467396e-08	1.490593e-08
1.321447e-08	1.342414e-08	1.363381e-08	1.384348e-08	1.405315e-08	1.426282e-08	1.447249e-08	1.468216e-08	1.489183e-08
1.282228e-08	1.307546e-08	1.332864e-08	1.358182e-08	1.383500e-08	1.408818e-08	1.434136e-08	1.459454e-08	1.484772e-08
1.310330e-08	1.336040e-08	1.361750e-08	1.387460e-08	1.413170e-08	1.438880e-08	1.464590e-08	1.490300e-08	1.516010e-08
1.303294e-08	1.323028e-08	1.342762e-08	1.362496e-08	1.382230e-08	1.401964e-08	1.421698e-08	1.441432e-08	1.461166e-08
1.285040e-08	1.310660e-08	1.336280e-08	1.361900e-08	1.387520e-08	1.413140e-08	1.438760e-08	1.464380e-08	1.490000e-08
1.282644e-08	1.304038e-08	1.325432e-08	1.346826e-08	1.368220e-08	1.389614e-08	1.411008e-08	1.432402e-08	1.453796e-08
1.257821e-08	1.279542e-08	1.301263e-08	1.322984e-08	1.344705e-08	1.366426e-08	1.388147e-08	1.409868e-08	1.431589e-08
1.291245e-08	1.309350e-08	1.327455e-08	1.345560e-08	1.363665e-08	1.381770e-08	1.399875e-08	1.417980e-08	1.436085e-08
1.259618e-08	1.280806e-08	1.301994e-08	1.323182e-08	1.344370e-08	1.365558e-08	1.386746e-08	1.407934e-08	1.429122e-08
1.261968e-08	1.283556e-08	1.305144e-08	1.326732e-08	1.348320e-08	1.369908e-08	1.391496e-08	1.413084e-08	1.434672e-08
1.249614e-08	1.268838e-08	1.288062e-08	1.307286e-08	1.326510e-08	1.345734e-08	1.364958e-08	1.384182e-08	1.403406e-08
1.253156e-08	1.274302e-08	1.295448e-08	1.316594e-08	1.337740e-08	1.358886e-08	1.380032e-08	1.401178e-08	1.422324e-08
1.235838e-08	1.261246e-08	1.286654e-08	1.312062e-08	1.337470e-08	1.362878e-08	1.388286e-08	1.413694e-08	1.439102e-08
1.247500e-08	1.264340e-08	1.281180e-08	1.298020e-08	1.314860e-08	1.331700e-08	1.348540e-08	1.365380e-08	1.382220e-08
1.226017e-08	1.245214e-08	1.264411e-08	1.283608e-08	1.302805e-08	1.322002e-08	1.341199e-08	1.360396e-08	1.379593e-08
1.244652e-08	1.264744e-08	1.284836e-08	1.304928e-08	1.325020e-08	1.345112e-08	1.365204e-08	1.385296e-08	1.405388e-08
1.230217e-08	1.245014e-08	1.259811e-08	1.274608e-08	1.289405e-08	1.304202e-08	1.318999e-08	1.333796e-08	1.348593e-08
1.185829e-08	1.209218e-08	1.232607e-08	1.255996e-08	1.279385e-08	1.302774e-08	1.326163e-08	1.349552e-08	1.372941e-08
1.207511e-08	1.228572e-08	1.249633e-08	1.270694e-08	1.291755e-08	1.312816e-08	1.333877e-08	1.354938e-08	1.375999e-08
1.190778e-08	1.209966e-08	1.229154e-08	1.248342e-08	1.267530e-08	1.286718e-08	1.305906e-08	1.325094e-08	1.344282e-08
1.184663e-08	1.206676e-08	1.228689e-08	1.250702e-08	1.272715e-08	1.294728e-08	1.316741e-08	1.338754e-08	1.360767e-08
1.190718e-08	1.212606e-08	1.234494e-08	1.256382e-08	1.278270e-08	1.300158e-08	1.322046e-08	1.343934e-08	1.365822e-08
1.194320e-08	1.213260e-08	1.232200e-08	1.251140e-08	1.270080e-08	1.289020e-08	1.307960e-08	1.326900e-08	1.345840e-08
1.155677e-08	1.176174e-08	1.196671e-08	1.217168e-08	1.237665e-08	1.258162e-08	1.278659e-08	1.299156e-08	1.319653e-08
1.181082e-08	1.205274e-08	1.229466e-08	1.253658e-08	1.277850e-08	1.302042e-08	1.326234e-08	1.350426e-08	1.374618e-08
1.154910e-08	1.175400e-08	1.195890e-08	1.216380e-08	1.236870e-08	1.257360e-08	1.277850e-08	1.298340e-08	1.318830e-08
1.143905e-08	1.168520e-08	1.193135e-08	1.217750e-08	1.242365e-08	1.266980e-08	1.291595e-08	1.316210e-08	1.340825e-08
1.172618e-08	1.190066e-08	1.207514e-08	1.224962e-08	1.242410e-08	1.259858e-08	1.277306e-08	1.294754e-08	1.312202e-08
1.155559e-08	1.176778e-08	1.197997e-08	1.219216e-08	1.240435e-08	1.261654e-08	1.282873e-08	1.304092e-08	1.325311e-08
1.132821e-08	1.152572e-08	1.172323e-08	1.192074e-08	1.211825e-08	1.231576e-08	1.251327e-08	1.271078e-08	1.290829e-08
1.153191e-08	1.172932e-08	1.192673e-08	1.212414e-08	1.232155e-08	1.251896e-08	1.271637e-08	1.291378e-08	1.311119e-08
1.113157e-08	1.137904e-08	1.162651e-08	1.187398e-08	1.212145e-08	1.236892e-08	1.261639e-08	1.286386e-08	1.311133e-08
1.117313e-08	1.136946e-08	1.156579e-08	1.176212e-08	1.195845e-08	1.215478e-08	1.235111e-08	1.254744e-08	1.274377e-08
1.119313e-08	1.140116e-08	1.160919e-08	1.181722e-08	1.202525e-08	1.223328e-08	1.244131e-08	1.264934e-08	1.285737e-08
1.125904e-08	1.144478e-08	1.163052e-08	1.181626e-08	1.200200e-08	1.218774e-08	1.237348e-08	1.255922e-08	1.274496e-08
1.120572e-08	1.139534e-08	1.158496e-08	1.177458e-08	1.196420e-08	1.215382e-08	1.234344e-08	1.253306e-08	1.272268e-08
1.115066e-08	1.130152e-08	1.145238e-08	1.160324e-08	1.175410e-08	1.190496e-08	1.205582e-08	1.220668e-08	1.235754e-08
1.098812e-08	1.118834e-08	1.138856e-08	1.158878e-08	1.178900e-08	1.198922e-08	1.218944e-08	1.238966e-08	1.258988e-08
1.100820e-08	1.121580e-08	1.142340e-08	1.163100e-08	1.183860e-08	1.204620e-08	1.225380e-08	1.246140e-08	1.266900e-08
1.082503e-08	1.101206e-08	1.119909e-08	1.138612e-08	1.157315e-08	1.176018e-08	1.194721e-08	1.213424e-08	1.232127e-08
1.069850e-08	1.090030e-08	1.110210e-08	1.130390e-08	1.150570e-08	1.170750e-08	1.190930e-08	1.211110e-08	1.231290e-08
1.064100e-08	1.084520e-08	1.104940e-08	1.125360e-08	1.145780e-08	1.166200e-08	1.186620e-08	1.207040e-08	1.227460e-08
1.080766e-08	1.099642e-08	1.118518e-08	1.137394e-08	1.156270e-08	1.175146e-08	1.194022e-08	1.212898e-08	1.231774e-08
1.056433e-08	1.076636e-08	1.096839e-08	1.117042e-08	1.137245e-08	1.157448e-08	1.177651e-08	1.197854e-08	1.218057e-08
1.077245e-08	1.095360e-08	1.113475e-08	1.131590e-08	1.149705e-08	1.167820e-08	1.185935e-08	1.204050e-08	1.222165e-08
1.063999e-08	1.082988e-08	1.101977e-08	1.120966e-08	1.139955e-08	1.158944e-08	1.177933e-08	1.196922e-08	1.215911e-08
1.079680e-08	1.097460e-08	1.115240e-08	1.133020e-08	1.150800e-08	1.168580e-08	1.186360e-08	1.204140e-08	1.221920e-08
1.062260e-08	1.081450e-08	1.100640e-08	1.119830e-08	1.139020e-08	1.158210e-08	1.177400e-08	1.196590e-08	1.215780e-08
1.037160e-08	1.056520e-08	1.075880e-08	1.095240e-08	1.114600e-08	1.133960e-08	1.153320e-08	1.172680e-08	1.192040e-08
1.048867e-08	1.068184e-08	1.087501e-08	1.106818e-08	1.126135e-08	1.145452e-08	1.164769e-08	1.184086e-08	1.203403e-08
1.017422e-08	1.035140e-08	1.052859e-08	1.070578e-08	1.088297e-08	1.106015e-08	1.123734e-08	1.141453e-08	1.159171e-08
1.011759e-08	1.033893e-08	1.056026e-08	1.078160e-08	1.100293e-08	1.122426e-08	1.144560e-08	1.166693e-08	1.188827e-08
1.041570e-08	1.059140e-08	1.076710e-08	1.094280e-08	1.111850e-08	1.129420e-08	1.146990e-08	1.164560e-08	1.182130e-08
1.028035e-08	1.045670e-08	1.063305e-08	1.080940e-08	1.098575e-08	1.116210e-08	1.133845e-08	1.151480e-08	1.169115e-08
1.010252e-08	1.028439e-08	1.046627e-08	1.064814e-08	1.083002e-08	1.101190e-08	1.119377e-08	1.137565e-08	1.155752e-08
1.019124e-08	1.036168e-08	1.053212e-08	1.070256e-08	1.087300e-08	1.104344e-08	1.121388e-08	1.138432e-08	1.155476e-08
9.853593e-09	1.006022e-08	1.026684e-08	1.047346e-08	1.068009e-08	1.088671e-08	1.109333e-08	1.129995e-08	1.150658e-08
9.913341e-09	1.014309e-08	1.037284e-08	1.060259e-08	1.083234e-08	1.106210e-08	1.129185e-08	1.152160e-08	1.175135e-08
9.879231e-09	1.008737e-08	1.029551e-08	1.050365e-08	1.071180e-08	1.091994e-08	1.112808e-08	1.133622e-08	1.154436e-08
9.947572e-09	1.013936e-08	1.033116e-08	1.052295e-08	1.071474e-08	1.090653e-08	1.109832e-08	1.129012e-08	1.148191e-08
9.898001e-09	1.005031e-08	1.020262e-08	1.035493e-08	1.050725e-08	1.065956e-08	1.081187e-08	1.096418e-08	1.111649e-08
9.887882e-09	1.007388e-08	1.025989e-08	1.044589e-08	1.063189e-08	1.081789e-08	1.100389e-08	1.118990e-08	1.137590e-08
9.803638e-09	1.000386e-08	1.020407e-08	1.040429e-08	1.060451e-08	1.080473e-08	1.100495e-08	1.120516e-08	1.140538e-08
9.838000e-09	1.001190e-08	1.018580e-08	1.035970e-08	1.053360e-08	1.070750e-08	1.088140e-08	1.105530e-08	1.122920e-08
9.624095e-09	9.823540e-09	1.002299e-08	1.022243e-08	1.042187e-08	1.062132e-08	1.082076e-08	1.102021e-08	1.121965e-08
9.655017e-09	9.804304e-09	9.953591e-09	1.010288e-08	1.025216e-08	1.040145e-08	1.055074e-08	1.070003e-08	1.084931e-08
9.719658e-09	9.889296e-09	1.005893e-08	1.022857e-08	1.039821e-08	1.056785e-08	1.073749e-08	1.090712e-08	1.107676e-08
9.490423e-09	9.687576e-09	9.884729e-09	1.008188e-08	1.027904e-08	1.047619e-08	1.067334e-08	1.087049e-08	1.106765e-08
9.539095e-09	9.712340e-09	9.885585e-09	1.005883e-08	1.023207e-08	1.040532e-08	1.057856e-08	1.075181e-08	1.092505e-08
9.707562e-09	9.874044e-09	1.004053e-08	1.020701e-08	1.037349e-08	1.053997e-08	1.070645e-08	1.087294e-08	1.103942e-08
9.437820e-09	9.593740e-09	9.749660e-09	9.905580e-09	1.006150e-08	1.021742e-08	1.037334e-08	1.052926e-08	1.068518e-08
9.322115e-09	9.515180e-09	9.708245e-09	9.901310e-09	1.009437e-08	1.028744e-08	1.048050e-08	1.067357e-08	1.086664e-08
9.332823e-09	9.521576e-09	9.710329e-09	9.899082e-09	1.008784e-08	1.027659e-08	1.046534e-08	1.065409e-08	1.084285e-08
9.544430e-09	9.692160e-09	9.839890e-09	9.987620e-09	1.013535e-08	1.028308e-08	1.043081e-08	1.057854e-08	1.072627e-08
9.291346e-09	9.447152e-09	9.602958e-09	9.758764e-09	9.914570e-09	1.007038e-08	1.022618e-08	1.038199e-08	1.053779e-08
9.182379e-09	9.383548e-09	9.584717e-09	9.785886e-09	9.987055e-09	1.018822e-08	1.038939e-08	1.059056e-08	1.079173e-08
8.905245e-09	9.107840e-09	9.310435e-09	9.513030e-09	9.715625e-09	9.918220e-09	1.012081e-08	1.032341e-08	1.052600e-08
9.218330e-09	9.381760e-09	9.545190e-09	9.708620e-09	9.872050e-09	1.003548e-08	1.019891e-08	1.036234e-08	1.052577e-08
9.103389e-09	9.253168e-09	9.402947e-09	9.552726e-09	9.702505e-09	9.852284e-09	1.000206e-08	1.015184e-08	1.030162e-08
9.162376e-09	9.347712e-09	9.533048e-09	9.718384e-09	9.903720e-09	1.008906e-08	1.027439e-08	1.045973e-08	1.064506e-08
9.047756e-09	9.216972e-09	9.386188e-09	9.555404e-09	9.724620e-09	9.893836e-09	1.006305e-08	1.023227e-08	1.040148e-08
8.945998e-09	9.110176e-09	9.274354e-09	9.438532e-09	9.602710e-09	9.766888e-09	9.931066e-09	1.009524e-08	1.025942e-08
8.861070e-09	9.030440e-09	9.199810e-09	9.369180e-09	9.538550e-09	9.707920e-09	9.877290e-09	1.004666e-08	1.021603e-08
8.800767e-09	9.003004e-09	9.205241e-09	9.407478e-09	9.609715e-09	9.811952e-09	1.001419e-08	1.021643e-08	1.041866e-08
8.710906e-09	8.893272e-09	9.075638e-09	9.258004e-09	9.440370e-09	9.622736e-09	9.805102e-09	9.987468e-09	1.016983e-08
8.973424e-09	9.124588e-09	9.275752e-09	9.426916e-09	9.578080e-09	9.729244e-09	9.880408e-09	1.003157e-08	1.018274e-08
8.904257e-09	9.047984e-09	9.191711e-09	9.335438e-09	9.479165e-09	9.622892e-09	9.766619e-09	9.910346e-09	1.005407e-08
8.752801e-09	8.952012e-09	9.151223e-09	9.350434e-09	9.549645e-09	9.748856e-09	9.948067e-09	1.014728e-08	1.034649e-08
8.854063e-09	9.008156e-09	9.162249e-09	9.316342e-09	9.470435e-09	9.624528e-09	9.778621e-09	9.932714e-09	1.008681e-08
8.548999e-09	8.733888e-09	8.918777e-09	9.103666e-09	9.288555e-09	9.473444e-09	9.658333e-09	9.843222e-09	1.002811e-08
8.652965e-09	8.821480e-09	8.989995e-09	9.158510e-09	9.327025e-09	9.495540e-09	9.664055e-09	9.832570e-09	1.000108e-08
8.589959e-09	8.743668e-09	8.897377e-09	9.051086e-09	9.204795e-09	9.358504e-09	9.512213e-09	9.665922e-09	9.819631e-09
8.415010e-09	8.600620e-09	8.786230e-09	8.971840e-09	9.157450e-09	9.343060e-09	9.528670e-09	9.714280e-09	9.899890e-09
8.436622e-09	8.625564e-09	8.814506e-09	9.003448e-09	9.192390e-09	9.381332e-09	9.570274e-09	9.759216e-09	9.948158e-09
8.371811e-09	8.544832e-09	8.717853e-09	8.890874e-09	9.063895e-09	9.236916e-09	9.409937e-09	9.582958e-09	9.755979e-09
8.420244e-09	8.571218e-09	8.722192e-09	8.873166e-09	9.024140e-09	9.175114e-09	9.326088e-09	9.477062e-09	9.628036e-09
8.301498e-09	8.481926e-09	8.662354e-09	8.842782e-09	9.023210e-09	9.203638e-09	9.384066e-09	9.564494e-09	9.744922e-09
8.298580e-09	8.486390e-09	8.674200e-09	8.862010e-09	9.049820e-09	9.237630e-09	9.425440e-09	9.613250e-09	9.801060e-09
8.163461e-09	8.344342e-09	8.525223e-09	8.706104e-09	8.886985e-09	9.067866e-09	9.248747e-09	9.429628e-09	9.610509e-09
8.344287e-09	8.507214e-09	8.670141e-09	8.833068e-09	8.995995e-09	9.158922e-09	9.321849e-09	9.484776e-09	9.647703e-09
8.249442e-09	8.419674e-09	8.589906e-09	8.760138e-09	8.930370e-09	9.100602e-09	9.270834e-09	9.441066e-09	9.611298e-09
8.144737e-09	8.328714e-09	8.512691e-09	8.696668e-09	8.880645e-09	9.064622e-09	9.248599e-09	9.432576e-09	9.616553e-09
8.115647e-09	8.306064e-09	8.496481e-09	8.686898e-09	8.877315e-09	9.067732e-09	9.258149e-09	9.448566e-09	9.638983e-09
8.246704e-09	8.403558e-09	8.560412e-09	8.717266e-09	8.874120e-09	9.030974e-09	9.187828e-09	9.344682e-09	9.501536e-09
7.944617e-09	8.118054e-09	8.291491e-09	8.464928e-09	8.638365e-09	8.811802e-09	8.985239e-09	9.158676e-09	9.332113e-09
7.805656e-09	7.963902e-09	8.122148e-09	8.280394e-09	8.438640e-09	8.596886e-09	8.755132e-09	8.913378e-09	9.071624e-09
7.968623e-09	8.131516e-09	8.294409e-09	8.457302e-09	8.620195e-09	8.783088e-09	8.945981e-09	9.108874e-09	9.271767e-09
7.789663e-09	7.969206e-09	8.148749e-09	8.328292e-09	8.507835e-09	8.687378e-09	8.866921e-09	9.046464e-09	9.226007e-09
7.998934e-09	8.170068e-09	8.341202e-09	8.512336e-09	8.683470e-09	8.854604e-09	9.025738e-09	9.196872e-09	9.368006e-09
7.954458e-09	8.086536e-09	8.218614e-09	8.350692e-09	8.482770e-09	8.614848e-09	8.746926e-09	8.879004e-09	9.011082e-09
7.861397e-09	8.022924e-09	8.184451e-09	8.345978e-09	8.507505e-09	8.669032e-09	8.830559e-09	8.992086e-09	9.153613e-09
7.741061e-09	7.914302e-09	8.087543e-09	8.260784e-09	8.434025e-09	8.607266e-09	8.780507e-09	8.953748e-09	9.126989e-09
7.738040e-09	7.883990e-09	8.029940e-09	8.175890e-09	8.321840e-09	8.467790e-09	8.613740e-09	8.759690e-09	8.905640e-09
7.836602e-09	7.991904e-09	8.147206e-09	8.302508e-09	8.457810e-09	8.613112e-09	8.768414e-09	8.923716e-09	9.079018e-09
7.569276e-09	7.753912e-09	7.938548e-09	8.123184e-09	8.307820e-09	8.492456e-09	8.677092e-09	8.861728e-09	9.046364e-09
7.632598e-09	7.799866e-09	7.967134e-09	8.134402e-09	8.301670e-09	8.468938e-09	8.636206e-09	8.803474e-09	8.970742e-09
7.672551e-09	7.828202e-09	7.983853e-09	8.139504e-09	8.295155e-09	8.450806e-09	8.606457e-09	8.762108e-09	8.917759e-09
7.573179e-09	7.736148e-09	7.899117e-09	8.062086e-09	8.225055e-09	8.388024e-09	8.550993e-09	8.713962e-09	8.876931e-09
7.513810e-09	7.684660e-09	7.855510e-09	8.026360e-09	8.197210e-09	8.368060e-09	8.538910e-09	8.709760e-09	8.880610e-09
7.523554e-09	7.672208e-09	7.820862e-09	7.969516e-09	8.118170e-09	8.266824e-09	8.415478e-09	8.564132e-09	8.712786e-09
7.477461e-09	7.614792e-09	7.752123e-09	7.889454e-09	8.026785e-09	8.164116e-09	8.301447e-09	8.438778e-09	8.576109e-09
7.436795e-09	7.591200e-09	7.745605e-09	7.900010e-09	8.054415e-09	8.208820e-09	8.363225e-09	8.517630e-09	8.672035e-09
7.460345e-09	7.625170e-09	7.789995e-09	7.954820e-09	8.119645e-09	8.284470e-09	8.449295e-09	8.614120e-09	8.778945e-09
7.400998e-09	7.543766e-09	7.686534e-09	7.829302e-09	7.972070e-09	8.114838e-09	8.257606e-09	8.400374e-09	8.543142e-09
7.335535e-09	7.493750e-09	7.651965e-09	7.810180e-09	7.968395e-09	8.126610e-09	8.284825e-09	8.443040e-09	8.601255e-09
7.122783e-09	7.295156e-09	7.467529e-09	7.639902e-09	7.812275e-09	7.984648e-09	8.157021e-09	8.329394e-09	8.501767e-09
7.224000e-09	7.380290e-09	7.536580e-09	7.692870e-09	7.849160e-09	8.005450e-09	8.161740e-09	8.318030e-09	8.474320e-09
7.069026e-09	7.258952e-09	7.448878e-09	7.638804e-09	7.828730e-09	8.018656e-09	8.208582e-09	8.398508e-09	8.588434e-09
7.348289e-09	7.518048e-09	7.687807e-09	7.857566e-09	8.027325e-09	8.197084e-09	8.366843e-09	8.536602e-09	8.706361e-09
7.099537e-09	7.280904e-09	7.462271e-09	7.643638e-09	7.825005e-09	8.006372e-09	8.187739e-09	8.369106e-09	8.550473e-09
6.994799e-09	7.171838e-09	7.348877e-09	7.525916e-09	7.702955e-09	7.879994e-09	8.057033e-09	8.234072e-09	8.411111e-09
7.188551e-09	7.333152e-09	7.477753e-09	7.622354e-09	7.766955e-09	7.911556e-09	8.056157e-09	8.200758e-09	8.345359e-09
7.181363e-09	7.308576e-09	7.435789e-09	7.563002e-09	7.690215e-09	7.817428e-09	7.944641e-09	8.071854e-09	8.199067e-09
7.007680e-09	7.168940e-09	7.330200e-09	7.491460e-09	7.652720e-09	7.813980e-09	7.975240e-09	8.136500e-09	8.297760e-09
7.114676e-09	7.254682e-09	7.394688e-09	7.534694e-09	7.674700e-09	7.814706e-09	7.954712e-09	8.094718e-09	8.234724e-09
7.045685e-09	7.202840e-09	7.359995e-09	7.517150e-09	7.674305e-09	7.831460e-09	7.988615e-09	8.145770e-09	8.302925e-09
7.151918e-09	7.312366e-09	7.472814e-09	7.633262e-09	7.793710e-09	7.954158e-09	8.114606e-09	8.275054e-09	8.435502e-09
6.721339e-09	6.877238e-09	7.033137e-09	7.189036e-09	7.344935e-09	7.500834e-09	7.656733e-09	7.812632e-09	7.968531e-09
6.838771e-09	6.982232e-09	7.125693e-09	7.269154e-09	7.412615e-09	7.556076e-09	7.699537e-09	7.842998e-09	7.986459e-09
6.881761e-09	7.012032e-09	7.142303e-09	7.272574e-09	7.402845e-09	7.533116e-09	7.663387e-09	7.793658e-09	7.923929e-09
6.908052e-09	7.016864e-09	7.125676e-09	7.234488e-09	7.343300e-09	7.452112e-09	7.560924e-09	7.669736e-09	7.778548e-09
6.792858e-09	6.938746e-09	7.084634e-09	7.230522e-09	7.376410e-09	7.522298e-09	7.668186e-09	7.814074e-09	7.959962e-09
6.830545e-09	6.960040e-09	7.089535e-09	7.219030e-09	7.348525e-09	7.478020e-09	7.607515e-09	7.737010e-09	7.866505e-09
6.757264e-09	6.890258e-09	7.023252e-09	7.156246e-09	7.289240e-09	7.422234e-09	7.555228e-09	7.688222e-09	7.821216e-09
6.560719e-09	6.728378e-09	6.896037e-09	7.063696e-09	7.231355e-09	7.399014e-09	7.566673e-09	7.734332e-09	7.901991e-09
6.640200e-09	6.774660e-09	6.909120e-09	7.043580e-09	7.178040e-09	7.312500e-09	7.446960e-09	7.581420e-09	7.715880e-09
6.671673e-09	6.808016e-09	6.944359e-09	7.080702e-09	7.217045e-09	7.353388e-09	7.489731e-09	7.626074e-09	7.762417e-09
6.693027e-09	6.833794e-09	6.974561e-09	7.115328e-09	7.256095e-09	7.396862e-09	7.537629e-09	7.678396e-09	7.819163e-09
6.467062e-09	6.612314e-09	6.757566e-09	6.902818e-09	7.048070e-09	7.193322e-09	7.338574e-09	7.483826e-09	7.629078e-09
6.461271e-09	6.612262e-09	6.763253e-09	6.914244e-09	7.065235e-09	7.216226e-09	7.367217e-09	7.518208e-09	7.669199e-09
6.572507e-09	6.707154e-09	6.841801e-09	6.976448e-09	7.111095e-09	7.245742e-09	7.380389e-09	7.515036e-09	7.649683e-09
6.322941e-09	6.461722e-09	6.600503e-09	6.739284e-09	6.878065e-09	7.016846e-09	7.155627e-09	7.294408e-09	7.433189e-09
6.409364e-09	6.557998e-09	6.706632e-09	6.855266e-09	7.003900e-09	7.152534e-09	7.301168e-09	7.449802e-09	7.598436e-09
6.440388e-09	6.576266e-09	6.712144e-09	6.848022e-09	6.983900e-09	7.119778e-09	7.255656e-09	7.391534e-09	7.527412e-09
6.353971e-09	6.501812e-09	6.649653e-09	6.797494e-09	6.945335e-09	7.093176e-09	7.241017e-09	7.388858e-09	7.536699e-09
6.468943e-09	6.615586e-09	6.762229e-09	6.908872e-09	7.055515e-09	7.202158e-09	7.348801e-09	7.495444e-09	7.642087e-09
6.228543e-09	6.399246e-09	6.569949e-09	6.740652e-09	6.911355e-09	7.082058e-09	7.252761e-09	7.423464e-09	7.594167e-09
6.283246e-09	6.419212e-09	6.555178e-09	6.691144e-09	6.827110e-09	6.963076e-09	7.099042e-09	7.235008e-09	7.370974e-09
6.310551e-09	6.465032e-09	6.619513e-09	6.773994e-09	6.928475e-09	7.082956e-09	7.237437e-09	7.391918e-09	7.546399e-09
6.269435e-09	6.426700e-09	6.583965e-09	6.741230e-09	6.898495e-09	7.055760e-09	7.213025e-09	7.370290e-09	7.527555e-09
6.272135e-09	6.399290e-09	6.526445e-09	6.653600e-09	6.780755e-09	6.907910e-09	7.035065e-09	7.162220e-09	7.289375e-09
6.248476e-09	6.400292e-09	6.552108e-09	6.703924e-09	6.855740e-09	7.007556e-09	7.159372e-09	7.311188e-09	7.463004e-09
6.165240e-09	6.301520e-09	6.437800e-09	6.574080e-09	6.710360e-09	6.846640e-09	6.982920e-09	7.119200e-09	7.255480e-09
6.079223e-09	6.230326e-09	6.381429e-09	6.532532e-09	6.683635e-09	6.834738e-09	6.985841e-09	7.136944e-09	7.288047e-09
6.043151e-09	6.181032e-09	6.318913e-09	6.456794e-09	6.594675e-09	6.732556e-09	6.870437e-09	7.008318e-09	7.146199e-09
5.942610e-09	6.099300e-09	6.255990e-09	6.412680e-09	6.569370e-09	6.726060e-09	6.882750e-09	7.039440e-09	7.196130e-09
6.020764e-09	6.146778e-09	6.272792e-09	6.398806e-09	6.524820e-09	6.650834e-09	6.776848e-09	6.902862e-09	7.028876e-09
6.054940e-09	6.187470e-09	6.320000e-09	6.452530e-09	6.585060e-09	6.717590e-09	6.850120e-09	6.982650e-09	7.115180e-09
5.869483e-09	6.015706e-09	6.161929e-09	6.308152e-09	6.454375e-09	6.600598e-09	6.746821e-09	6.893044e-09	7.039267e-09
5.971664e-09	6.099268e-09	6.226872e-09	6.354476e-09	6.482080e-09	6.609684e-09	6.737288e-09	6.864892e-09	6.992496e-09
5.903574e-09	6.053128e-09	6.202682e-09	6.352236e-09	6.501790e-09	6.651344e-09	6.800898e-09	6.950452e-09	7.100006e-09
6.013861e-09	6.141402e-09	6.268943e-09	6.396484e-09	6.524025e-09	6.651566e-09	6.779107e-09	6.906648e-09	7.034189e-09
5.808114e-09	5.981848e-09	6.155582e-09	6.329316e-09	6.503050e-09	6.676784e-09	6.850518e-09	7.024252e-09	7.197986e-09
5.753185e-09	5.904040e-09	6.054895e-09	6.205750e-09	6.356605e-09	6.507460e-09	6.658315e-09	6.809170e-09	6.960025e-09
5.758761e-09	5.867602e-09	5.976443e-09	6.085284e-09	6.194125e-09	6.302966e-09	6.411807e-09	6.520648e-09	6.629489e-09
5.880562e-09	6.008074e-09	6.135586e-09	6.263098e-09	6.390610e-09	6.518122e-09	6.645634e-09	6.773146e-09	6.900658e-09
5.768479e-09	5.915918e-09	6.063357e-09	6.210796e-09	6.358235e-09	6.505674e-09	6.653113e-09	6.800552e-09	6.947991e-09
5.656525e-09	5.800410e-09	5.944295e-09	6.088180e-09	6.232065e-09	6.375950e-09	6.519835e-09	6.663720e-09	6.807605e-09
5.694555e-09	5.818920e-09	5.943285e-09	6.067650e-09	6.192015e-09	6.316380e-09	6.440745e-09	6.565110e-09	6.689475e-09
5.717950e-09	5.865310e-09	6.012670e-09	6.160030e-09	6.307390e-09	6.454750e-09	6.602110e-09	6.749470e-09	6.896830e-09
5.614449e-09	5.739888e-09	5.865327e-09	5.990766e-09	6.116205e-09	6.241644e-09	6.367083e-09	6.492522e-09	6.617961e-09
5.802795e-09	5.934920e-09	6.067045e-09	6.199170e-09	6.331295e-09	6.463420e-09	6.595545e-09	6.727670e-09	6.859795e-09
5.626336e-09	5.756352e-09	5.886368e-09	6.016384e-09	6.146400e-09	6.276416e-09	6.406432e-09	6.536448e-09	6.666464e-09
5.577492e-09	5.728184e-09	5.878876e-09	6.029568e-09	6.180260e-09	6.330952e-09	6.481644e-09	6.632336e-09	6.783028e-09
5.513589e-09	5.642528e-09	5.771467e-09	5.900406e-09	6.029345e-09	6.158284e-09	6.287223e-09	6.416162e-09	6.545101e-09
5.571620e-09	5.693210e-09	5.814800e-09	5.936390e-09	6.057980e-09	6.179570e-09	6.301160e-09	6.422750e-09	6.544340e-09
5.448310e-09	5.591080e-09	5.733850e-09	5.876620e-09	6.019390e-09	6.162160e-09	6.304930e-09	6.447700e-09	6.590470e-09
5.528021e-09	5.658952e-09	5.789883e-09	5.920814e-09	6.051745e-09	6.182676e-09	6.313607e-09	6.444538e-09	6.575469e-09
5.397422e-09	5.516654e-09	5.635886e-09	5.755118e-09	5.874350e-09	5.993582e-09	6.112814e-09	6.232046e-09	6.351278e-09
5.398762e-09	5.555654e-09	5.712546e-09	5.869438e-09	6.026330e-09	6.183222e-09	6.340114e-09	6.497006e-09	6.653898e-09
5.462978e-09	5.606086e-09	5.749194e-09	5.892302e-09	6.035410e-09	6.178518e-09	6.321626e-09	6.464734e-09	6.607842e-09
5.276931e-09	5.416262e-09	5.555593e-09	5.694924e-09	5.834255e-09	5.973586e-09	6.112917e-09	6.252248e-09	6.391579e-09
5.294421e-09	5.415672e-09	5.536923e-09	5.658174e-09	5.779425e-09	5.900676e-09	6.021927e-09	6.143178e-09	6.264429e-09
5.309547e-09	5.428294e-09	5.547041e-09	5.665788e-09	5.784535e-09	5.903282e-09	6.022029e-09	6.140776e-09	6.259523e-09
5.314740e-09	5.442270e-09	5.569800e-09	5.697330e-09	5.824860e-09	5.952390e-09	6.079920e-09	6.207450e-09	6.334980e-09
5.235096e-09	5.377932e-09	5.520768e-09	5.663604e-09	5.806440e-09	5.949276e-09	6.092112e-09	6.234948e-09	6.377784e-09
5.303850e-09	5.441900e-09	5.579950e-09	5.718000e-09	5.856050e-09	5.994100e-09	6.132150e-09	6.270200e-09	6.408250e-09
5.305693e-09	5.432666e-09	5.559639e-09	5.686612e-09	5.813585e-09	5.940558e-09	6.067531e-09	6.194504e-09	6.321477e-09
5.277854e-09	5.402718e-09	5.527582e-09	5.652446e-09	5.777310e-09	5.902174e-09	6.027038e-09	6.151902e-09	6.276766e-09
5.397309e-09	5.503958e-09	5.610607e-09	5.717256e-09	5.823905e-09	5.930554e-09	6.037203e-09	6.143852e-09	6.250501e-09
5.244201e-09	5.354912e-09	5.465623e-09	5.576334e-09	5.687045e-09	5.797756e-09	5.908467e-09	6.019178e-09	6.129889e-09
5.150640e-09	5.262550e-09	5.374460e-09	5.486370e-09	5.598280e-09	5.710190e-09	5.822100e-09	5.934010e-09	6.045920e-09
5.263995e-09	5.372370e-09	5.480745e-09	5.589120e-09	5.697495e-09	5.805870e-09	5.914245e-09	6.022620e-09	6.130995e-09
5.074443e-09	5.227906e-09	5.381369e-09	5.534832e-09	5.688295e-09	5.841758e-09	5.995221e-09	6.148684e-09	6.302147e-09
5.060654e-09	5.167908e-09	5.275162e-09	5.382416e-09	5.489670e-09	5.596924e-09	5.704178e-09	5.811432e-09	5.918686e-09
4.970637e-09	5.097414e-09	5.224191e-09	5.350968e-09	5.477745e-09	5.604522e-09	5.731299e-09	5.858076e-09	5.984853e-09
4.967500e-09	5.102140e-09	5.236780e-09	5.371420e-09	5.506060e-09	5.640700e-09	5.775340e-09	5.909980e-09	6.044620e-09
5.044140e-09	5.173150e-09	5.302160e-09	5.431170e-09	5.560180e-09	5.689190e-09	5.818200e-09	5.947210e-09	6.076220e-09
4.954807e-09	5.082634e-09	5.210461e-09	5.338288e-09	5.466115e-09	5.593942e-09	5.721769e-09	5.849596e-09	5.977423e-09
4.874860e-09	4.994970e-09	5.115080e-09	5.235190e-09	5.355300e-09	5.475410e-09	5.595520e-09	5.715630e-09	5.835740e-09
4.889396e-09	5.023392e-09	5.157388e-09	5.291384e-09	5.425380e-09	5.559376e-09	5.693372e-09	5.827368e-09	5.961364e-09
4.919837e-09	5.039194e-09	5.158551e-09	5.277908e-09	5.397265e-09	5.516622e-09	5.635979e-09	5.755336e-09	5.874693e-09
5.009063e-09	5.147436e-09	5.285809e-09	5.424182e-09	5.562555e-09	5.700928e-09	5.839301e-09	5.977674e-09	6.116047e-09
4.872707e-09	4.983664e-09	5.094621e-09	5.205578e-09	5.316535e-09	5.427492e-09	5.538449e-09	5.649406e-09	5.760363e-09
4.834318e-09	4.965486e-09	5.096654e-09	5.227822e-09	5.358990e-09	5.490158e-09	5.621326e-09	5.752494e-09	5.883662e-09
4.907052e-09	5.013404e-09	5.119756e-09	5.226108e-09	5.332460e-09	5.438812e-09	5.545164e-09	5.651516e-09	5.757868e-09
4.891422e-09	5.002674e-09	5.113926e-09	5.225178e-09	5.336430e-09	5.447682e-09	5.558934e-09	5.670186e-09	5.781438e-09
4.824178e-09	4.925496e-09	5.026814e-09	5.128132e-09	5.229450e-09	5.330768e-09	5.432086e-09	5.533404e-09	5.634722e-09
4.841442e-09	4.951804e-09	5.062166e-09	5.172528e-09	5.282890e-09	5.393252e-09	5.503614e-09	5.613976e-09	5.724338e-09
4.745305e-09	4.868370e-09	4.991435e-09	5.114500e-09	5.237565e-09	5.360630e-09	5.483695e-09	5.606760e-09	5.729825e-09
4.660796e-09	4.796902e-09	4.933008e-09	5.069114e-09	5.205220e-09	5.341326e-09	5.477432e-09	5.613538e-09	5.749644e-09
4.777375e-09	4.886390e-09	4.995405e-09	5.104420e-09	5.213435e-09	5.322450e-09	5.431465e-09	5.540480e-09	5.649495e-09
4.673188e-09	4.791826e-09	4.910464e-09	5.029102e-09	5.147740e-09	5.266378e-09	5.385016e-09	5.503654e-09	5.622292e-09
4.590418e-09	4.739686e-09	4.888954e-09	5.038222e-09	5.187490e-09	5.336758e-09	5.486026e-09	5.635294e-09	5.784562e-09
4.449424e-09	4.600338e-09	4.751252e-09	4.902166e-09	5.053080e-09	5.203994e-09	5.354908e-09	5.505822e-09	5.656736e-09
4.570344e-09	4.688448e-09	4.806552e-09	4.924656e-09	5.042760e-09	5.160864e-09	5.278968e-09	5.397072e-09	5.515176e-09
4.733179e-09	4.822218e-09	4.911257e-09	5.000296e-09	5.089335e-09	5.178374e-09	5.267413e-09	5.356452e-09	5.445491e-09
4.482012e-09	4.619794e-09	4.757576e-09	4.895358e-09	5.033140e-09	5.170922e-09	5.308704e-09	5.446486e-09	5.584268e-09
4.628814e-09	4.755068e-09	4.881322e-09	5.007576e-09	5.133830e-09	5.260084e-09	5.386338e-09	5.512592e-09	5.638846e-09
4.624866e-09	4.744622e-09	4.864378e-09	4.984134e-09	5.103890e-09	5.223646e-09	5.343402e-09	5.463158e-09	5.582914e-09
4.465441e-09	4.598512e-09	4.731583e-09	4.864654e-09	4.997725e-09	5.130796e-09	5.263867e-09	5.396938e-09	5.530009e-09
4.502758e-09	4.609446e-09	4.716134e-09	4.822822e-09	4.929510e-09	5.036198e-09	5.142886e-09	5.249574e-09	5.356262e-09
4.365320e-09	4.486770e-09	4.608220e-09	4.729670e-09	4.851120e-09	4.972570e-09	5.094020e-09	5.215470e-09	5.336920e-09
4.507666e-09	4.622602e-09	4.737538e-09	4.852474e-09	4.967410e-09	5.082346e-09	5.197282e-09	5.312218e-09	5.427154e-09
4.417732e-09	4.538024e-09	4.658316e-09	4.778608e-09	4.898900e-09	5.019192e-09	5.139484e-09	5.259776e-09	5.380068e-09
4.485764e-09	4.574298e-09	4.662832e-09	4.751366e-09	4.839900e-09	4.928434e-09	5.016968e-09	5.105502e-09	5.194036e-09
4.322342e-09	4.445404e-09	4.568466e-09	4.691528e-09	4.814590e-09	4.937652e-09	5.060714e-09	5.183776e-09	5.306838e-09
4.333723e-09	4.437246e-09	4.540769e-09	4.644292e-09	4.747815e-09	4.851338e-09	4.954861e-09	5.058384e-09	5.161907e-09
4.280843e-09	4.412506e-09	4.544169e-09	4.675832e-09	4.807495e-09	4.939158e-09	5.070821e-09	5.202484e-09	5.334147e-09
4.294961e-09	4.411882e-09	4.528803e-09	4.645724e-09	4.762645e-09	4.879566e-09	4.996487e-09	5.113408e-09	5.230329e-09
4.177090e-09	4.311350e-09	4.445610e-09	4.579870e-09	4.714130e-09	4.848390e-09	4.982650e-09	5.116910e-09	5.251170e-09
4.245549e-09	4.387888e-09	4.530227e-09	4.672566e-09	4.814905e-09	4.957244e-09	5.099583e-09	5.241922e-09	5.384261e-09
4.412374e-09	4.513628e-09	4.614882e-09	4.716136e-09	4.817390e-09	4.918644e-09	5.019898e-09	5.121152e-09	5.222406e-09
4.259234e-09	4.361518e-09	4.463802e-09	4.566086e-09	4.668370e-09	4.770654e-09	4.872938e-09	4.975222e-09	5.077506e-09
4.150005e-09	4.276770e-09	4.403535e-09	4.530300e-09	4.657065e-09	4.783830e-09	4.910595e-09	5.037360e-09	5.164125e-09
4.225824e-09	4.324438e-09	4.423052e-09	4.521666e-09	4.620280e-09	4.718894e-09	4.817508e-09	4.916122e-09	5.014736e-09
4.196484e-09	4.317398e-09	4.438312e-09	4.559226e-09	4.680140e-09	4.801054e-09	4.921968e-09	5.042882e-09	5.163796e-09
4.164968e-09	4.275456e-09	4.385944e-09	4.496432e-09	4.606920e-09	4.717408e-09	4.827896e-09	4.938384e-09	5.048872e-09
4.238694e-09	4.345988e-09	4.453282e-09	4.560576e-09	4.667870e-09	4.775164e-09	4.882458e-09	4.989752e-09	5.097046e-09
3.969712e-09	4.101414e-09	4.233116e-09	4.364818e-09	4.496520e-09	4.628222e-09	4.759924e-09	4.891626e-09	5.023328e-09
4.061395e-09	4.188490e-09	4.315585e-09	4.442680e-09	4.569775e-09	4.696870e-09	4.823965e-09	4.951060e-09	5.078155e-09
4.186544e-09	4.294708e-09	4.402872e-09	4.511036e-09	4.619200e-09	4.727364e-09	4.835528e-09	4.943692e-09	5.051856e-09
4.049009e-09	4.149208e-09	4.249407e-09	4.349606e-09	4.449805e-09	4.550004e-09	4.650203e-09	4.750402e-09	4.850601e-09
4.143241e-09	4.269572e-09	4.395903e-09	4.522234e-09	4.648565e-09	4.774896e-09	4.901227e-09	5.027558e-09	5.153889e-09
4.077730e-09	4.173410e-09	4.269090e-09	4.364770e-09	4.460450e-09	4.556130e-09	4.651810e-09	4.747490e-09	4.843170e-09
3.977127e-09	4.085764e-09	4.194401e-09	4.303038e-09	4.411675e-09	4.520312e-09	4.628949e-09	4.737586e-09	4.846223e-09
4.041076e-09	4.147942e-09	4.254808e-09	4.361674e-09	4.468540e-09	4.575406e-09	4.682272e-09	4.789138e-09	4.896004e-09
3.887515e-09	4.009150e-09	4.130785e-09	4.252420e-09	4.374055e-09	4.495690e-09	4.617325e-09	4.738960e-09	4.860595e-09
4.037249e-09	4.143568e-09	4.249887e-09	4.356206e-09	4.462525e-09	4.568844e-09	4.675163e-09	4.781482e-09	4.887801e-09
3.930534e-09	4.043528e-09	4.156522e-09	4.269516e-09	4.382510e-09	4.495504e-09	4.608498e-09	4.721492e-09	4.834486e-09
3.900360e-09	4.017140e-09	4.133920e-09	4.250700e-09	4.367480e-09	4.484260e-09	4.601040e-09	4.717820e-09	4.834600e-09
3.724693e-09	3.857586e-09	3.990479e-09	4.123372e-09	4.256265e-09	4.389158e-09	4.522051e-09	4.654944e-09	4.787837e-09
3.767476e-09	3.913022e-09	4.058568e-09	4.204114e-09	4.349660e-09	4.495206e-09	4.640752e-09	4.786298e-09	4.931844e-09
3.771674e-09	3.889198e-09	4.006722e-09	4.124246e-09	4.241770e-09	4.359294e-09	4.476818e-09	4.594342e-09	4.711866e-09
3.831776e-09	3.953532e-09	4.075288e-09	4.197044e-09	4.318800e-09	4.440556e-09	4.562312e-09	4.684068e-09	4.805824e-09
3.706101e-09	3.843562e-09	3.981023e-09	4.118484e-09	4.255945e-09	4.393406e-09	4.530867e-09	4.668328e-09	4.805789e-09
3.801388e-09	3.898756e-09	3.996124e-09	4.093492e-09	4.190860e-09	4.288228e-09	4.385596e-09	4.482964e-09	4.580332e-09
3.833571e-09	3.945082e-09	4.056593e-09	4.168104e-09	4.279615e-09	4.391126e-09	4.502637e-09	4.614148e-09	4.725659e-09
3.754627e-09	3.868854e-09	3.983081e-09	4.097308e-09	4.211535e-09	4.325762e-09	4.439989e-09	4.554216e-09	4.668443e-09
3.785702e-09	3.906394e-09	4.027086e-09	4.147778e-09	4.268470e-09	4.389162e-09	4.509854e-09	4.630546e-09	4.751238e-09
3.701482e-09	3.806004e-09	3.910526e-09	4.015048e-09	4.119570e-09	4.224092e-09	4.328614e-09	4.433136e-09	4.537658e-09
3.585671e-09	3.721812e-09	3.857953e-09	3.994094e-09	4.130235e-09	4.266376e-09	4.402517e-09	4.538658e-09	4.674799e-09
3.640930e-09	3.754580e-09	3.868230e-09	3.981880e-09	4.095530e-09	4.209180e-09	4.322830e-09	4.436480e-09	4.550130e-09
3.719168e-09	3.814346e-09	3.909524e-09	4.004702e-09	4.099880e-09	4.195058e-09	4.290236e-09	4.385414e-09	4.480592e-09
3.561490e-09	3.670410e-09	3.779330e-09	3.888250e-09	3.997170e-09	4.106090e-09	4.215010e-09	4.323930e-09	4.432850e-09
3.630253e-09	3.735906e-09	3.841559e-09	3.947212e-09	4.052865e-09	4.158518e-09	4.264171e-09	4.369824e-09	4.475477e-09
3.609440e-09	3.725900e-09	3.842360e-09	3.958820e-09	4.075280e-09	4.191740e-09	4.308200e-09	4.424660e-09	4.541120e-09
3.554940e-09	3.676860e-09	3.798780e-09	3.920700e-09	4.042620e-09	4.164540e-09	4.286460e-09	4.408380e-09	4.530300e-09
3.635509e-09	3.748398e-09	3.861287e-09	3.974176e-09	4.087065e-09	4.199954e-09	4.312843e-09	4.425732e-09	4.538621e-09
3.514054e-09	3.616208e-09	3.718362e-09	3.820516e-09	3.922670e-09	4.024824e-09	4.126978e-09	4.229132e-09	4.331286e-09
3.474842e-09	3.608974e-09	3.743106e-09	3.877238e-09	4.011370e-09	4.145502e-09	4.279634e-09	4.413766e-09	4.547898e-09
3.530018e-09	3.638126e-09	3.746234e-09	3.854342e-09	3.962450e-09	4.070558e-09	4.178666e-09	4.286774e-09	4.394882e-09
3.613086e-09	3.734212e-09	3.855338e-09	3.976464e-09	4.097590e-09	4.218716e-09	4.339842e-09	4.460968e-09	4.582094e-09
3.515772e-09	3.649524e-09	3.783276e-09	3.917028e-09	4.050780e-09	4.184532e-09	4.318284e-09	4.452036e-09	4.585788e-09
3.487823e-09	3.587656e-09	3.687489e-09	3.787322e-09	3.887155e-09	3.986988e-09	4.086821e-09	4.186654e-09	4.286487e-09
3.254230e-09	3.377390e-09	3.500550e-09	3.623710e-09	3.746870e-09	3.870030e-09	3.993190e-09	4.116350e-09	4.239510e-09
3.486578e-09	3.622256e-09	3.757934e-09	3.893612e-09	4.029290e-09	4.164968e-09	4.300646e-09	4.436324e-09	4.572002e-09
3.452883e-09	3.570566e-09	3.688249e-09	3.805932e-09	3.923615e-09	4.041298e-09	4.158981e-09	4.276664e-09	4.394347e-09
3.285305e-09	3.402350e-09	3.519395e-09	3.636440e-09	3.753485e-09	3.870530e-09	3.987575e-09	4.104620e-09	4.221665e-09
1.829568e-08	2.111456e-08	2.393344e-08	2.675232e-08	2.957120e-08	3.239008e-08	3.520896e-08	3.802784e-08	4.084672e-08
3.310178e-09	3.407906e-09	3.505634e-09	3.603362e-09	3.701090e-09	3.798818e-09	3.896546e-09	3.994274e-09	4.092002e-09
3.414044e-09	3.499768e-09	3.585492e-09	3.671216e-09	3.756940e-09	3.842664e-09	3.928388e-09	4.014112e-09	4.099836e-09
3.274001e-09	3.390672e-09	3.507343e-09	3.624014e-09	3.740685e-09	3.857356e-09	3.974027e-09	4.090698e-09	4.207369e-09
3.261274e-09	3.366658e-09	3.472042e-09	3.577426e-09	3.682810e-09	3.788194e-09	3.893578e-09	3.998962e-09	4.104346e-09
3.265272e-09	3.357784e-09	3.450296e-09	3.542808e-09	3.635320e-09	3.727832e-09	3.820344e-09	3.912856e-09	4.005368e-09
3.199082e-09	3.307074e-09	3.415066e-09	3.523058e-09	3.631050e-09	3.739042e-09	3.847034e-09	3.955026e-09	4.063018e-09
3.243129e-09	3.349368e-09	3.455607e-09	3.561846e-09	3.668085e-09	3.774324e-09	3.880563e-09	3.986802e-09	4.093041e-09
3.118115e-09	3.245430e-09	3.372745e-09	3.500060e-09	3.627375e-09	3.754690e-09	3.882005e-09	4.009320e-09	4.136635e-09
3.255907e-09	3.348794e-09	3.441681e-09	3.534568e-09	3.627455e-09	3.720342e-09	3.813229e-09	3.906116e-09	3.999003e-09
3.187503e-09	3.301606e-09	3.415709e-09	3.529812e-09	3.643915e-09	3.758018e-09	3.872121e-09	3.986224e-09	4.100327e-09
3.182808e-09	3.283066e-09	3.383324e-09	3.483582e-09	3.583840e-09	3.684098e-09	3.784356e-09	3.884614e-09	3.984872e-09
3.066239e-09	3.181808e-09	3.297377e-09	3.412946e-09	3.528515e-09	3.644084e-09	3.759653e-09	3.875222e-09	3.990791e-09
3.103652e-09	3.210284e-09	3.316916e-09	3.423548e-09	3.530180e-09	3.636812e-09	3.743444e-09	3.850076e-09	3.956708e-09
3.060411e-08	3.547762e-08	4.035113e-08	4.522464e-08	5.009815e-08	5.497166e-08	5.984517e-08	6.471868e-08	6.959219e-08
3.084548e-09	3.206106e-09	3.327664e-09	3.449222e-09	3.570780e-09	3.692338e-09	3.813896e-09	3.935454e-09	4.057012e-09
3.074836e-09	3.155972e-09	3.237108e-09	3.318244e-09	3.399380e-09	3.480516e-09	3.561652e-09	3.642788e-09	3.723924e-09
2.997917e-09	3.096444e-09	3.194971e-09	3.293498e-09	3.392025e-09	3.490552e-09	3.589079e-09	3.687606e-09	3.786133e-09
2.972699e-09	3.090238e-09	3.207777e-09	3.325316e-09	3.442855e-09	3.560394e-09	3.677933e-09	3.795472e-09	3.913011e-09
3.037763e-09	3.148236e-09	3.258709e-09	3.369182e-09	3.479655e-09	3.590128e-09	3.700601e-09	3.811074e-09	3.921547e-09
3.020622e-09	3.123454e-09	3.226286e-09	3.329118e-09	3.431950e-09	3.534782e-09	3.637614e-09	3.740446e-09	3.843278e-09
2.931520e-09	3.054170e-09	3.176820e-09	3.299470e-09	3.422120e-09	3.544770e-09	3.667420e-09	3.790070e-09	3.912720e-09
3.086558e-09	3.178936e-09	3.271314e-09	3.363692e-09	3.456070e-09	3.548448e-09	3.640826e-09	3.733204e-09	3.825582e-09
2.940468e-09	3.052886e-09	3.165304e-09	3.277722e-09	3.390140e-09	3.502558e-09	3.614976e-09	3.727394e-09	3.839812e-09
2.959475e-09	3.051810e-09	3.144145e-09	3.236480e-09	3.328815e-09	3.421150e-09	3.513485e-09	3.605820e-09	3.698155e-09
2.881284e-09	2.996808e-09	3.112332e-09	3.227856e-09	3.343380e-09	3.458904e-09	3.574428e-09	3.689952e-09	3.805476e-09
2.887722e-09	2.991094e-09	3.094466e-09	3.197838e-09	3.301210e-09	3.404582e-09	3.507954e-09	3.611326e-09	3.714698e-09
2.970202e-09	3.066574e-09	3.162946e-09	3.259318e-09	3.355690e-09	3.452062e-09	3.548434e-09	3.644806e-09	3.741178e-09
2.997146e-09	3.109022e-09	3.220898e-09	3.332774e-09	3.444650e-09	3.556526e-09	3.668402e-09	3.780278e-09	3.892154e-09
2.896375e-09	2.986330e-09	3.076285e-09	3.166240e-09	3.256195e-09	3.346150e-09	3.436105e-09	3.526060e-09	3.616015e-09
2.919849e-09	3.013818e-09	3.107787e-09	3.201756e-09	3.295725e-09	3.389694e-09	3.483663e-09	3.577632e-09	3.671601e-09
2.787723e-09	2.894676e-09	3.001629e-09	3.108582e-09	3.215535e-09	3.322488e-09	3.429441e-09	3.536394e-09	3.643347e-09
2.789980e-09	2.895530e-09	3.001080e-09	3.106630e-09	3.212180e-09	3.317730e-09	3.423280e-09	3.528830e-09	3.634380e-09
2.748808e-09	2.854126e-09	2.959444e-09	3.064762e-09	3.170080e-09	3.275398e-09	3.380716e-09	3.486034e-09	3.591352e-09
2.931350e-09	3.025540e-09	3.119730e-09	3.213920e-09	3.308110e-09	3.402300e-09	3.496490e-09	3.590680e-09	3.684870e-09
2.797803e-09	2.901186e-09	3.004569e-09	3.107952e-09	3.211335e-09	3.314718e-09	3.418101e-09	3.521484e-09	3.624867e-09
2.821053e-09	2.920356e-09	3.019659e-09	3.118962e-09	3.218265e-09	3.317568e-09	3.416871e-09	3.516174e-09	3.615477e-09
2.714815e-09	2.826650e-09	2.938485e-09	3.050320e-09	3.162155e-09	3.273990e-09	3.385825e-09	3.497660e-09	3.609495e-09
2.790099e-09	2.880028e-09	2.969957e-09	3.059886e-09	3.149815e-09	3.239744e-09	3.329673e-09	3.419602e-09	3.509531e-09
2.766505e-09	2.860500e-09	2.954495e-09	3.048490e-09	3.142485e-09	3.236480e-09	3.330475e-09	3.424470e-09	3.518465e-09
2.888712e-09	2.983194e-09	3.077676e-09	3.172158e-09	3.266640e-09	3.361122e-09	3.455604e-09	3.550086e-09	3.644568e-09
2.671517e-09	2.789074e-09	2.906631e-09	3.024188e-09	3.141745e-09	3.259302e-09	3.376859e-09	3.494416e-09	3.611973e-09
2.644675e-09	2.747620e-09	2.850565e-09	2.953510e-09	3.056455e-09	3.159400e-09	3.262345e-09	3.365290e-09	3.468235e-09
2.686350e-09	2.774210e-09	2.862070e-09	2.949930e-09	3.037790e-09	3.125650e-09	3.213510e-09	3.301370e-09	3.389230e-09
2.696066e-09	2.792462e-09	2.888858e-09	2.985254e-09	3.081650e-09	3.178046e-09	3.274442e-09	3.370838e-09	3.467234e-09
2.541718e-09	2.656506e-09	2.771294e-09	2.886082e-09	3.000870e-09	3.115658e-09	3.230446e-09	3.345234e-09	3.460022e-09
2.446101e-09	2.571942e-09	2.697783e-09	2.823624e-09	2.949465e-09	3.075306e-09	3.201147e-09	3.326988e-09	3.452829e-09
2.493225e-09	2.599660e-09	2.706095e-09	2.812530e-09	2.918965e-09	3.025400e-09	3.131835e-09	3.238270e-09	3.344705e-09
2.564800e-09	2.667780e-09	2.770760e-09	2.873740e-09	2.976720e-09	3.079700e-09	3.182680e-09	3.285660e-09	3.388640e-09
2.707013e-09	2.799446e-09	2.891879e-09	2.984312e-09	3.076745e-09	3.169178e-09	3.261611e-09	3.354044e-09	3.446477e-09
2.524119e-09	2.617758e-09	2.711397e-09	2.805036e-09	2.898675e-09	2.992314e-09	3.085953e-09	3.179592e-09	3.273231e-09
2.497641e-09	2.596412e-09	2.695183e-09	2.793954e-09	2.892725e-09	2.991496e-09	3.090267e-09	3.189038e-09	3.287809e-09
2.568999e-09	2.670418e-09	2.771837e-09	2.873256e-09	2.974675e-09	3.076094e-09	3.177513e-09	3.278932e-09	3.380351e-09
2.501417e-09	2.594674e-09	2.687931e-09	2.781188e-09	2.874445e-09	2.967702e-09	3.060959e-09	3.154216e-09	3.247473e-09
2.554631e-09	2.654962e-09	2.755293e-09	2.855624e-09	2.955955e-09	3.056286e-09	3.156617e-09	3.256948e-09	3.357279e-09
2.447318e-09	2.541646e-09	2.635974e-09	2.730302e-09	2.824630e-09	2.918958e-09	3.013286e-09	3.107614e-09	3.201942e-09
2.415954e-09	2.531388e-09	2.646822e-09	2.762256e-09	2.877690e-09	2.993124e-09	3.108558e-09	3.223992e-09	3.339426e-09
2.423862e-09	2.538324e-09	2.652786e-09	2.767248e-09	2.881710e-09	2.996172e-09	3.110634e-09	3.225096e-09	3.339558e-09
2.456861e-09	2.549982e-09	2.643103e-09	2.736224e-09	2.829345e-09	2.922466e-09	3.015587e-09	3.108708e-09	3.201829e-09
2.427812e-09	2.522494e-09	2.617176e-09	2.711858e-09	2.806540e-09	2.901222e-09	2.995904e-09	3.090586e-09	3.185268e-09
2.425456e-09	2.517632e-09	2.609808e-09	2.701984e-09	2.794160e-09	2.886336e-09	2.978512e-09	3.070688e-09	3.162864e-09
2.394102e-09	2.479454e-09	2.564806e-09	2.650158e-09	2.735510e-09	2.820862e-09	2.906214e-09	2.991566e-09	3.076918e-09
2.425025e-09	2.521330e-09	2.617635e-09	2.713940e-09	2.810245e-09	2.906550e-09	3.002855e-09	3.099160e-09	3.195465e-09
2.338082e-09	2.456304e-09	2.574526e-09	2.692748e-09	2.810970e-09	2.929192e-09	3.047414e-09	3.165636e-09	3.283858e-09
2.294468e-09	2.399476e-09	2.504484e-09	2.609492e-09	2.714500e-09	2.819508e-09	2.924516e-09	3.029524e-09	3.134532e-09
2.272563e-09	2.372566e-09	2.472569e-09	2.572572e-09	2.672575e-09	2.772578e-09	2.872581e-09	2.972584e-09	3.072587e-09
2.287180e-09	2.386230e-09	2.485280e-09	2.584330e-09	2.683380e-09	2.782430e-09	2.881480e-09	2.980530e-09	3.079580e-09
2.271550e-09	2.381630e-09	2.491710e-09	2.601790e-09	2.711870e-09	2.821950e-09	2.932030e-09	3.042110e-09	3.152190e-09
2.180173e-09	2.288296e-09	2.396419e-09	2.504542e-09	2.612665e-09	2.720788e-09	2.828911e-09	2.937034e-09	3.045157e-09
2.274490e-09	2.379880e-09	2.485270e-09	2.590660e-09	2.696050e-09	2.801440e-09	2.906830e-09	3.012220e-09	3.117610e-09
2.287417e-09	2.369714e-09	2.452011e-09	2.534308e-09	2.616605e-09	2.698902e-09	2.781199e-09	2.863496e-09	2.945793e-09
2.232344e-09	2.335968e-09	2.439592e-09	2.543216e-09	2.646840e-09	2.750464e-09	2.854088e-09	2.957712e-09	3.061336e-09
2.264551e-09	2.353132e-09	2.441713e-09	2.530294e-09	2.618875e-09	2.707456e-09	2.796037e-09	2.884618e-09	2.973199e-09
2.220801e-09	2.330772e-09	2.440743e-09	2.550714e-09	2.660685e-09	2.770656e-09	2.880627e-09	2.990598e-09	3.100569e-09
2.219429e-09	2.318948e-09	2.418467e-09	2.517986e-09	2.617505e-09	2.717024e-09	2.816543e-09	2.916062e-09	3.015581e-09
2.103061e-09	2.201692e-09	2.300323e-09	2.398954e-09	2.497585e-09	2.596216e-09	2.694847e-09	2.793478e-09	2.892109e-09
2.303901e-09	2.386362e-09	2.468823e-09	2.551284e-09	2.633745e-09	2.716206e-09	2.798667e-09	2.881128e-09	2.963589e-09
2.217437e-09	2.315954e-09	2.414471e-09	2.512988e-09	2.611505e-09	2.710022e-09	2.808539e-09	2.907056e-09	3.005573e-09
2.198890e-09	2.292360e-09	2.385830e-09	2.479300e-09	2.572770e-09	2.666240e-09	2.759710e-09	2.853180e-09	2.946650e-09
2.162846e-09	2.247122e-09	2.331398e-09	2.415674e-09	2.499950e-09	2.584226e-09	2.668502e-09	2.752778e-09	2.837054e-09
2.081780e-09	2.189870e-09	2.297960e-09	2.406050e-09	2.514140e-09	2.622230e-09	2.730320e-09	2.838410e-09	2.946500e-09
2.143845e-09	2.250500e-09	2.357155e-09	2.463810e-09	2.570465e-09	2.677120e-09	2.783775e-09	2.890430e-09	2.997085e-09
2.130157e-09	2.231814e-09	2.333471e-09	2.435128e-09	2.536785e-09	2.638442e-09	2.740099e-09	2.841756e-09	2.943413e-09
2.034813e-09	2.141776e-09	2.248739e-09	2.355702e-09	2.462665e-09	2.569628e-09	2.676591e-09	2.783554e-09	2.890517e-09
2.076841e-09	2.174412e-09	2.271983e-09	2.369554e-09	2.467125e-09	2.564696e-09	2.662267e-09	2.759838e-09	2.857409e-09
2.030703e-09	2.148566e-09	2.266429e-09	2.384292e-09	2.502155e-09	2.620018e-09	2.737881e-09	2.855744e-09	2.973607e-09
2.124843e-09	2.235526e-09	2.346209e-09	2.456892e-09	2.567575e-09	2.678258e-09	2.788941e-09	2.899624e-09	3.010307e-09
2.056557e-09	2.158244e-09	2.259931e-09	2.361618e-09	2.463305e-09	2.564992e-09	2.666679e-09	2.768366e-09	2.870053e-09
2.055576e-09	2.143532e-09	2.231488e-09	2.319444e-09	2.407400e-09	2.495356e-09	2.583312e-09	2.671268e-09	2.759224e-09
1.991894e-09	2.084588e-09	2.177282e-09	2.269976e-09	2.362670e-09	2.455364e-09	2.548058e-09	2.640752e-09	2.733446e-09
5.257411e-09	5.843332e-09	6.429253e-09	7.015174e-09	7.601095e-09	8.187016e-09	8.772937e-09	9.358858e-09	9.944779e-09
1.993836e-09	2.091802e-09	2.189768e-09	2.287734e-09	2.385700e-09	2.483666e-09	2.581632e-09	2.679598e-09	2.777564e-09
2.072133e-09	2.168396e-09	2.264659e-09	2.360922e-09	2.457185e-09	2.553448e-09	2.649711e-09	2.745974e-09	2.842237e-09
7.810670e-09	8.999040e-09	1.018741e-08	1.137578e-08	1.256415e-08	1.375252e-08	1.494089e-08	1.612926e-08	1.731763e-08
1.891838e-09	2.007566e-09	2.123294e-09	2.239022e-09	2.354750e-09	2.470478e-09	2.586206e-09	2.701934e-09	2.817662e-09
1.960567e-09	2.062944e-09	2.165321e-09	2.267698e-09	2.370075e-09	2.472452e-09	2.574829e-09	2.677206e-09	2.779583e-09
1.878609e-09	1.978758e-09	2.078907e-09	2.179056e-09	2.279205e-09	2.379354e-09	2.479503e-09	2.579652e-09	2.679801e-09
1.999672e-09	2.097884e-09	2.196096e-09	2.294308e-09	2.392520e-09	2.490732e-09	2.588944e-09	2.687156e-09	2.785368e-09
1.961766e-09	2.058622e-09	2.155478e-09	2.252334e-09	2.349190e-09	2.446046e-09	2.542902e-09	2.639758e-09	2.736614e-09
1.892225e-09	1.987610e-09	2.082995e-09	2.178380e-09	2.273765e-09	2.369150e-09	2.464535e-09	2.559920e-09	2.655305e-09
1.840022e-09	1.948234e-09	2.056446e-09	2.164658e-09	2.272870e-09	2.381082e-09	2.489294e-09	2.597506e-09	2.705718e-09
1.830067e-09	1.922374e-09	2.014681e-09	2.106988e-09	2.199295e-09	2.291602e-09	2.383909e-09	2.476216e-09	2.568523e-09
1.726254e-09	1.821138e-09	1.916022e-09	2.010906e-09	2.105790e-09	2.200674e-09	2.295558e-09	2.390442e-09	2.485326e-09
1.794487e-09	1.897304e-09	2.000121e-09	2.102938e-09	2.205755e-09	2.308572e-09	2.411389e-09	2.514206e-09	2.617023e-09
1.822304e-09	1.936178e-09	2.050052e-09	2.163926e-09	2.277800e-09	2.391674e-09	2.505548e-09	2.619422e-09	2.733296e-09
1.711705e-09	1.804390e-09	1.897075e-09	1.989760e-09	2.082445e-09	2.175130e-09	2.267815e-09	2.360500e-09	2.453185e-09
1.753367e-09	1.844944e-09	1.936521e-09	2.028098e-09	2.119675e-09	2.211252e-09	2.302829e-09	2.394406e-09	2.485983e-09
1.802969e-09	1.883928e-09	1.964887e-09	2.045846e-09	2.126805e-09	2.207764e-09	2.288723e-09	2.369682e-09	2.450641e-09
1.839572e-09	1.924124e-09	2.008676e-09	2.093228e-09	2.177780e-09	2.262332e-09	2.346884e-09	2.431436e-09	2.515988e-09
1.685830e-09	1.801160e-09	1.916490e-09	2.031820e-09	2.147150e-09	2.262480e-09	2.377810e-09	2.493140e-09	2.608470e-09
1.683743e-09	1.788506e-09	1.893269e-09	1.998032e-09	2.102795e-09	2.207558e-09	2.312321e-09	2.417084e-09	2.521847e-09
1.815653e-09	1.902286e-09	1.988919e-09	2.075552e-09	2.162185e-09	2.248818e-09	2.335451e-09	2.422084e-09	2.508717e-09
1.803700e-09	1.896280e-09	1.988860e-09	2.081440e-09	2.174020e-09	2.266600e-09	2.359180e-09	2.451760e-09	2.544340e-09
3.759530e-09	4.149430e-09	4.539330e-09	4.929230e-09	5.319130e-09	5.709030e-09	6.098930e-09	6.488830e-09	6.878730e-09
1.644226e-09	1.735852e-09	1.827478e-09	1.919104e-09	2.010730e-09	2.102356e-09	2.193982e-09	2.285608e-09	2.377234e-09
1.664178e-09	1.766526e-09	1.868874e-09	1.971222e-09	2.073570e-09	2.175918e-09	2.278266e-09	2.380614e-09	2.482962e-09
1.618499e-09	1.718478e-09	1.818457e-09	1.918436e-09	2.018415e-09	2.118394e-09	2.218373e-09	2.318352e-09	2.418331e-09
2.088506e-09	2.290482e-09	2.492458e-09	2.694434e-09	2.896410e-09	3.098386e-09	3.300362e-09	3.502338e-09	3.704314e-09
1.581822e-09	1.664234e-09	1.746646e-09	1.829058e-09	1.911470e-09	1.993882e-09	2.076294e-09	2.158706e-09	2.241118e-09
1.525530e-09	1.638520e-09	1.751510e-09	1.864500e-09	1.977490e-09	2.090480e-09	2.203470e-09	2.316460e-09	2.429450e-09
1.549338e-09	1.635966e-09	1.722594e-09	1.809222e-09	1.895850e-09	1.982478e-09	2.069106e-09	2.155734e-09	2.242362e-09
1.542886e-09	1.636892e-09	1.730898e-09	1.824904e-09	1.918910e-09	2.012916e-09	2.106922e-09	2.200928e-09	2.294934e-09
1.462738e-09	1.565606e-09	1.668474e-09	1.771342e-09	1.874210e-09	1.977078e-09	2.079946e-09	2.182814e-09	2.285682e-09
1.552458e-09	1.649216e-09	1.745974e-09	1.842732e-09	1.939490e-09	2.036248e-09	2.133006e-09	2.229764e-09	2.326522e-09
1.559933e-09	1.636886e-09	1.713839e-09	1.790792e-09	1.867745e-09	1.944698e-09	2.021651e-09	2.098604e-09	2.175557e-09
1.474234e-09	1.566878e-09	1.659522e-09	1.752166e-09	1.844810e-09	1.937454e-09	2.030098e-09	2.122742e-09	2.215386e-09
1.521931e-09	1.627182e-09	1.732433e-09	1.837684e-09	1.942935e-09	2.048186e-09	2.153437e-09	2.258688e-09	2.363939e-09
1.495281e-09	1.594782e-09	1.694283e-09	1.793784e-09	1.893285e-09	1.992786e-09	2.092287e-09	2.191788e-09	2.291289e-09
1.472993e-09	1.563256e-09	1.653519e-09	1.743782e-09	1.834045e-09	1.924308e-09	2.014571e-09	2.104834e-09	2.195097e-09
1.461685e-09	1.552660e-09	1.643635e-09	1.734610e-09	1.825585e-09	1.916560e-09	2.007535e-09	2.098510e-09	2.189485e-09
1.435781e-09	1.526922e-09	1.618063e-09	1.709204e-09	1.800345e-09	1.891486e-09	1.982627e-09	2.073768e-09	2.164909e-09
1.447018e-09	1.534146e-09	1.621274e-09	1.708402e-09	1.795530e-09	1.882658e-09	1.969786e-09	2.056914e-09	2.144042e-09
1.360157e-09	1.452114e-09	1.544071e-09	1.636028e-09	1.727985e-09	1.819942e-09	1.911899e-09	2.003856e-09	2.095813e-09
1.364400e-09	1.468570e-09	1.572740e-09	1.676910e-09	1.781080e-09	1.885250e-09	1.989420e-09	2.093590e-09	2.197760e-09
1.392122e-09	1.487304e-09	1.582486e-09	1.677668e-09	1.772850e-09	1.868032e-09	1.963214e-09	2.058396e-09	2.153578e-09
1.399913e-09	1.494196e-09	1.588479e-09	1.682762e-09	1.777045e-09	1.871328e-09	1.965611e-09	2.059894e-09	2.154177e-09
1.382259e-09	1.463308e-09	1.544357e-09	1.625406e-09	1.706455e-09	1.787504e-09	1.868553e-09	1.949602e-09	2.030651e-09
1.350320e-09	1.448010e-09	1.545700e-09	1.643390e-09	1.741080e-09	1.838770e-09	1.936460e-09	2.034150e-09	2.131840e-09
1.312305e-09	1.414300e-09	1.516295e-09	1.618290e-09	1.720285e-09	1.822280e-09	1.924275e-09	2.026270e-09	2.128265e-09
1.319560e-09	1.411420e-09	1.503280e-09	1.595140e-09	1.687000e-09	1.778860e-09	1.870720e-09	1.962580e-09	2.054440e-09
1.293004e-09	1.390378e-09	1.487752e-09	1.585126e-09	1.682500e-09	1.779874e-09	1.877248e-09	1.974622e-09	2.071996e-09
1.248848e-09	1.357536e-09	1.466224e-09	1.574912e-09	1.683600e-09	1.792288e-09	1.900976e-09	2.009664e-09	2.118352e-09
1.371840e-09	1.463580e-09	1.555320e-09	1.647060e-09	1.738800e-09	1.830540e-09	1.922280e-09	2.014020e-09	2.105760e-09
1.246264e-09	1.336058e-09	1.425852e-09	1.515646e-09	1.605440e-09	1.695234e-09	1.785028e-09	1.874822e-09	1.964616e-09
1.226336e-09	1.319062e-09	1.411788e-09	1.504514e-09	1.597240e-09	1.689966e-09	1.782692e-09	1.875418e-09	1.968144e-09
1.202777e-09	1.295724e-09	1.388671e-09	1.481618e-09	1.574565e-09	1.667512e-09	1.760459e-09	1.853406e-09	1.946353e-09
1.139209e-09	1.243918e-09	1.348627e-09	1.453336e-09	1.558045e-09	1.662754e-09	1.767463e-09	1.872172e-09	1.976881e-09
1.209689e-09	1.301398e-09	1.393107e-09	1.484816e-09	1.576525e-09	1.668234e-09	1.759943e-09	1.851652e-09	1.943361e-09
1.271346e-09	1.354552e-09	1.437758e-09	1.520964e-09	1.604170e-09	1.687376e-09	1.770582e-09	1.853788e-09	1.936994e-09
1.221677e-09	1.313744e-09	1.405811e-09	1.497878e-09	1.589945e-09	1.682012e-09	1.774079e-09	1.866146e-09	1.958213e-09
1.212910e-09	1.299090e-09	1.385270e-09	1.471450e-09	1.557630e-09	1.643810e-09	1.729990e-09	1.816170e-09	1.902350e-09
1.195152e-09	1.293374e-09	1.391596e-09	1.489818e-09	1.588040e-09	1.686262e-09	1.784484e-09	1.882706e-09	1.980928e-09
1.184998e-09	1.276076e-09	1.367154e-09	1.458232e-09	1.549310e-09	1.640388e-09	1.731466e-09	1.822544e-09	1.913622e-09
1.145166e-09	1.241122e-09	1.337078e-09	1.433034e-09	1.528990e-09	1.624946e-09	1.720902e-09	1.816858e-09	1.912814e-09
1.094646e-09	1.190336e-09	1.286027e-09	1.381717e-09	1.477407e-09	1.573098e-09	1.668788e-09	1.764479e-09	1.860170e-09
1.112671e-09	1.212682e-09	1.312693e-09	1.412704e-09	1.512715e-09	1.612726e-09	1.712737e-09	1.812748e-09	1.912759e-09
1.023494e-09	1.135243e-09	1.246993e-09	1.358742e-09	1.470492e-09	1.582242e-09	1.693991e-09	1.805741e-09	1.917490e-09
1.075558e-09	1.188377e-09	1.301196e-09	1.414015e-09	1.526834e-09	1.639654e-09	1.752473e-09	1.865292e-09	1.978111e-09
9.877796e-10	1.093825e-09	1.199871e-09	1.305916e-09	1.411962e-09	1.518008e-09	1.624053e-09	1.730099e-09	1.836144e-09
1.047185e-09	1.142526e-09	1.237868e-09	1.333210e-09	1.428552e-09	1.523893e-09	1.619235e-09	1.714577e-09	1.809918e-09
1.052331e-09	1.142387e-09	1.232444e-09	1.322500e-09	1.412557e-09	1.502614e-09	1.592670e-09	1.682727e-09	1.772783e-09
1.021913e-09	1.122524e-09	1.223134e-09	1.323745e-09	1.424356e-09	1.524967e-09	1.625578e-09	1.726188e-09	1.826799e-09
1.060858e-09	1.150282e-09	1.239707e-09	1.329132e-09	1.418557e-09	1.507981e-09	1.597406e-09	1.686831e-09	1.776255e-09
1.014705e-09	1.096815e-09	1.178924e-09	1.261034e-09	1.343143e-09	1.425252e-09	1.507362e-09	1.589471e-09	1.671581e-09
1.009775e-09	1.105062e-09	1.200350e-09	1.295637e-09	1.390924e-09	1.486211e-09	1.581498e-09	1.676786e-09	1.772073e-09
9.695460e-10	1.067702e-09	1.165858e-09	1.264014e-09	1.362170e-09	1.460326e-09	1.558482e-09	1.656638e-09	1.754794e-09
9.629029e-10	1.059835e-09	1.156767e-09	1.253699e-09	1.350631e-09	1.447562e-09	1.544494e-09	1.641426e-09	1.738358e-09
9.551715e-10	1.060678e-09	1.166184e-09	1.271691e-09	1.377197e-09	1.482704e-09	1.588210e-09	1.693717e-09	1.799223e-09
9.975329e-10	1.083975e-09	1.170417e-09	1.256859e-09	1.343301e-09	1.429742e-09	1.516184e-09	1.602626e-09	1.689068e-09
9.176826e-10	1.013631e-09	1.109580e-09	1.205528e-09	1.301477e-09	1.397426e-09	1.493374e-09	1.589323e-09	1.685271e-09
9.476277e-10	1.054672e-09	1.161717e-09	1.268762e-09	1.375807e-09	1.482851e-09	1.589896e-09	1.696941e-09	1.803985e-09
9.188532e-10	1.022388e-09	1.125924e-09	1.229459e-09	1.332994e-09	1.436529e-09	1.540064e-09	1.643600e-09	1.747135e-09
9.526236e-10	1.048093e-09	1.143563e-09	1.239032e-09	1.334502e-09	1.429972e-09	1.525441e-09	1.620911e-09	1.716380e-09
8.442559e-10	9.524508e-10	1.060646e-09	1.168841e-09	1.277036e-09	1.385230e-09	1.493425e-09	1.601620e-09	1.709815e-09
8.618612e-10	9.667444e-10	1.071628e-09	1.176511e-09	1.281394e-09	1.386277e-09	1.491160e-09	1.596044e-09	1.700927e-09
8.651583e-10	9.542896e-10	1.043421e-09	1.132552e-09	1.221683e-09	1.310815e-09	1.399946e-09	1.489077e-09	1.578209e-09
8.400390e-10	9.234980e-10	1.006957e-09	1.090416e-09	1.173875e-09	1.257334e-09	1.340793e-09	1.424252e-09	1.507711e-09
8.500495e-10	9.395040e-10	1.028959e-09	1.118413e-09	1.207867e-09	1.297322e-09	1.386776e-09	1.476231e-09	1.565686e-09
8.632802e-10	9.561424e-10	1.049005e-09	1.141867e-09	1.234729e-09	1.327591e-09	1.420453e-09	1.513316e-09	1.606178e-09
8.301901e-10	9.257912e-10	1.021392e-09	1.116993e-09	1.212595e-09	1.308196e-09	1.403797e-09	1.499398e-09	1.594999e-09
8.236647e-10	9.250964e-10	1.026528e-09	1.127960e-09	1.229392e-09	1.330823e-09	1.432255e-09	1.533687e-09	1.635118e-09
7.670173e-10	8.676076e-10	9.681979e-10	1.068788e-09	1.169378e-09	1.269969e-09	1.370559e-09	1.471149e-09	1.571740e-09
7.735866e-10	8.730592e-10	9.725318e-10	1.072004e-09	1.171477e-09	1.270950e-09	1.370422e-09	1.469895e-09	1.569367e-09
6.973154e-10	8.021848e-10	9.070542e-10	1.011924e-09	1.116793e-09	1.221662e-09	1.326532e-09	1.431401e-09	1.536271e-09
7.375889e-10	8.312068e-10	9.248247e-10	1.018443e-09	1.112061e-09	1.205678e-09	1.299296e-09	1.392914e-09	1.486532e-09
7.570148e-10	8.525476e-10	9.480804e-10	1.043613e-09	1.139146e-09	1.234679e-09	1.330212e-09	1.425744e-09	1.521277e-09
7.076328e-10	8.130536e-10	9.184744e-10	1.023895e-09	1.129316e-09	1.234737e-09	1.340158e-09	1.445578e-09	1.550999e-09
6.908659e-10	7.977708e-10	9.046757e-10	1.011581e-09	1.118486e-09	1.225390e-09	1.332295e-09	1.439200e-09	1.546105e-09
7.167844e-10	8.243428e-10	9.319012e-10	1.039460e-09	1.147018e-09	1.254576e-09	1.362135e-09	1.469693e-09	1.577252e-09
7.057291e-10	8.155292e-10	9.253293e-10	1.035129e-09	1.144929e-09	1.254730e-09	1.364530e-09	1.474330e-09	1.584130e-09
6.542573e-10	7.649176e-10	8.755779e-10	9.862382e-10	1.096899e-09	1.207559e-09	1.318219e-09	1.428879e-09	1.539540e-09
6.134509e-10	7.171208e-10	8.207907e-10	9.244606e-10	1.028130e-09	1.131800e-09	1.235470e-09	1.339140e-09	1.442810e-09
6.436004e-10	7.504848e-10	8.573692e-10	9.642536e-10	1.071138e-09	1.178022e-09	1.284907e-09	1.391791e-09	1.498676e-09
6.017713e-10	7.069256e-10	8.120799e-10	9.172342e-10	1.022388e-09	1.127543e-09	1.232697e-09	1.337851e-09	1.443006e-09
5.584352e-10	6.636924e-10	7.689496e-10	8.742068e-10	9.794640e-10	1.084721e-09	1.189978e-09	1.295236e-09	1.400493e-09
6.257639e-10	7.230968e-10	8.204297e-10	9.177626e-10	1.015096e-09	1.112428e-09	1.209761e-09	1.307094e-09	1.404427e-09
5.199885e-10	6.301720e-10	7.403555e-10	8.505390e-10	9.607225e-10	1.070906e-09	1.181089e-09	1.291273e-09	1.401456e-09
5.999874e-10	7.055588e-10	8.111302e-10	9.167016e-10	1.022273e-09	1.127844e-09	1.233416e-09	1.338987e-09	1.444559e-09
5.713572e-10	6.817164e-10	7.920756e-10	9.024348e-10	1.012794e-09	1.123153e-09	1.233512e-09	1.343872e-09	1.454231e-09
5.249240e-10	6.227980e-10	7.206720e-10	8.185460e-10	9.164200e-10	1.014294e-09	1.112168e-09	1.210042e-09	1.307916e-09
5.625364e-10	6.783768e-10	7.942172e-10	9.100576e-10	1.025898e-09	1.141738e-09	1.257579e-09	1.373419e-09	1.489260e-09
5.242881e-10	6.293472e-10	7.344063e-10	8.394654e-10	9.445245e-10	1.049584e-09	1.154643e-09	1.259702e-09	1.364761e-09
4.802930e-10	5.892760e-10	6.982590e-10	8.072420e-10	9.162250e-10	1.025208e-09	1.134191e-09	1.243174e-09	1.352157e-09
5.004939e-10	6.043468e-10	7.081997e-10	8.120526e-10	9.159055e-10	1.019758e-09	1.123611e-09	1.227464e-09	1.331317e-09
4.561232e-10	5.653284e-10	6.745336e-10	7.837388e-10	8.929440e-10	1.002149e-09	1.111354e-09	1.220560e-09	1.329765e-09
4.383205e-10	5.412160e-10	6.441115e-10	7.470070e-10	8.499025e-10	9.527980e-10	1.055693e-09	1.158589e-09	1.261485e-09
4.690721e-10	5.720452e-10	6.750183e-10	7.779914e-10	8.809645e-10	9.839376e-10	1.086911e-09	1.189884e-09	1.292857e-09
4.171293e-10	5.162116e-10	6.152939e-10	7.143762e-10	8.134585e-10	9.125408e-10	1.011623e-09	1.110705e-09	1.209788e-09
4.153164e-10	5.272868e-10	6.392572e-10	7.512276e-10	8.631980e-10	9.751684e-10	1.087139e-09	1.199109e-09	1.311080e-09
3.934269e-10	4.981428e-10	6.028587e-10	7.075746e-10	8.122905e-10	9.170064e-10	1.021722e-09	1.126438e-09	1.231154e-09
3.618029e-10	4.798048e-10	5.978067e-10	7.158086e-10	8.338105e-10	9.518124e-10	1.069814e-09	1.187816e-09	1.305818e-09
3.459178e-10	4.510436e-10	5.561694e-10	6.612952e-10	7.664210e-10	8.715468e-10	9.766726e-10	1.081798e-09	1.186924e-09
3.413581e-10	4.597672e-10	5.781763e-10	6.965854e-10	8.149945e-10	9.334036e-10	1.051813e-09	1.170222e-09	1.288631e-09
3.157187e-10	4.307444e-10	5.457701e-10	6.607958e-10	7.758215e-10	8.908472e-10	1.005873e-09	1.120899e-09	1.235924e-09
2.985431e-10	4.093572e-10	5.201713e-10	6.309854e-10	7.417995e-10	8.526136e-10	9.634277e-10	1.074242e-09	1.185056e-09
2.631758e-10	3.819296e-10	5.006834e-10	6.194372e-10	7.381910e-10	8.569448e-10	9.756986e-10	1.094452e-09	1.213206e-09
2.521822e-10	3.712364e-10	4.902906e-10	6.093448e-10	7.283990e-10	8.474532e-10	9.665074e-10	1.085562e-09	1.204616e-09
2.271945e-10	3.469240e-10	4.666535e-10	5.863830e-10	7.061125e-10	8.258420e-10	9.455715e-10	1.065301e-09	1.185031e-09
2.094175e-10	3.338255e-10	4.582336e-10	5.826416e-10	7.070497e-10	8.314578e-10	9.558658e-10	1.080274e-09	1.204682e-09
1.836534e-10	2.999408e-10	4.162282e-10	5.325156e-10	6.488030e-10	7.650904e-10	8.813778e-10	9.976652e-10	1.113953e-09
1.681333e-10	2.865440e-10	4.049547e-10	5.233655e-10	6.417762e-10	7.601870e-10	8.785977e-10	9.970085e-10	1.115419e-09
1.883363e-10	2.983567e-10	4.083772e-10	5.183976e-10	6.284180e-10	7.384384e-10	8.484588e-10	9.584792e-10	1.068500e-09
1.773343e-10	2.873547e-10	3.973751e-10	5.073955e-10	6.174159e-10	7.274363e-10	8.374568e-10	9.474772e-10	1.057498e-09
1.663323e-10	2.763527e-10	3.863731e-10	4.963935e-10	6.064139e-10	7.164343e-10	8.264547e-10	9.364751e-10	1.046496e-09
1.553302e-10	2.653506e-10	3.753710e-10	4.853914e-10	5.954119e-10	7.054323e-10	8.154527e-10	9.254731e-10	1.035493e-09
1.443282e-10	2.543486e-10	3.643690e-10	4.743894e-10	5.844098e-10	6.944302e-10	8.044506e-10	9.144710e-10	1.024491e-09
1.333261e-10	2.433465e-10	3.533670e-10	4.633874e-10	5.734078e-10	6.834282e-10	7.934486e-10	9.034690e-10	1.013489e-09
1.223241e-10	2.323445e-10	3.423649e-10	4.523853e-10	5.624057e-10	6.724261e-10	7.824465e-10	8.924670e-10	1.002487e-09
1.113221e-10	2.213425e-10	3.313629e-10	4.413833e-10	5.514037e-10	6.614241e-10	7.714445e-10	8.814649e-10	9.914853e-10
1.003200e-10	2.103404e-10	3.203608e-10	4.303812e-10	5.404016e-10	6.504221e-10	7.604425e-10	8.704629e-10	9.804833e-10
8.931797e-11	1.993384e-10	3.093588e-10	4.193792e-10	5.293996e-10	6.394200e-10	7.494404e-10	8.594608e-10	9.694812e-10
1.000000e-35	1.883363e-10	2.983567e-10	4.083772e-10	5.183976e-10	6.284180e-10	7.384384e-10	8.484588e-10	9.584792e-10
1.000000e-35	1.773343e-10	2.873547e-10	3.973751e-10	5.073955e-10	6.174159e-10	7.274363e-10	8.374568e-10	9.474772e-10
1.000000e-35	1.663323e-10	2.763527e-10	3.863731e-10	4.963935e-10	6.064139e-10	7.164343e-10	8.264547e-10	9.364751e-10
1.000000e-35	1.553302e-10	2.653506e-10	3.753710e-10	4.853914e-10	5.954119e-10	7.054323e-10	8.154527e-10	9.254731e-10
1.000000e-35	1.443282e-10	2.543486e-10	3.643690e-10	4.743894e-10	5.844098e-10	6.944302e-10	8.044506e-10	9.144710e-10
1.000000e-35	1.333261e-10	2.433465e-10	3.533670e-10	4.633874e-10	5.734078e-10	6.834282e-10	7.934486e-10	9.034690e-10
1.000000e-35	1.223241e-10	2.323445e-10	3.423649e-10	4.523853e-10	5.624057e-10	6.724261e-10	7.824465e-10	8.924670e-10
1.000000e-35	1.113221e-10	2.213425e-10	3.313629e-10	4.413833e-10	5.514037e-10	6.614241e-10	7.714445e-10	8.814649e-10
1.000000e-35	1.003200e-10	2.103404e-10	3.203608e-10	4.303812e-10	5.404016e-10	6.504221e-10	7.604425e-10	8.704629e-10
1.000000e-35	8.931797e-11	1.993384e-10	3.093588e-10	4.193792e-10	5.293996e-10	6.394200e-10	7.494404e-10	8.594608e-10
1.000000e-35	1.000000e-35	1.883363e-10	2.983567e-10	4.083772e-10	5.183976e-10	6.284180e-10	7.384384e-10	8.484588e-10
1.000000e-35	1.000000e-35	1.773343e-10	2.873547e-10	3.973751e-10	5.073955e-10	6.174159e-10	7.274363e-10	8.374568e-10
1.000000e-35	1.000000e-35	1.663323e-10	2.763527e-10	3.863731e-10	4.963935e-10	6.064139e-10	7.164343e-10	8.264547e-10
1.000000e-35	1.000000e-35	1.553302e-10	2.653506e-10	3.753710e-10	4.853914e-10	5.954119e-10	7.054323e-10	8.154527e-10
1.000000e-35	1.000000e-35	1.443282e-10	2.543486e-10	3.643690e-10	4.743894e-10	5.844098e-10	6.944302e-10	8.044506e-10
1.000000e-35	1.000000e-35	1.333261e-10	2.433465e-10	3.533670e-10	4.633874e-10	5.734078e-10	6.834282e-10	7.934486e-10
1.000000e-35	1.000000e-35	1.223241e-10	2.323445e-10	3.423649e-10	4.523853e-10	5.624057e-10	6.724261e-10	7.824465e-10
1.000000e-35	1.000000e-35	1.113221e-10	2.213425e-10	3.313629e-10	4.413833e-10	5.514037e-10	6.614241e-10	7.714445e-10
1.000000e-35	1.000000e-35	1.003200e-10	2.103404e-10	3.203608e-10	4.303812e-10	5.404016e-10	6.504221e-10	7.604425e-10
1.000000e-35	1.000000e-35	8.931797e-11	1.993384e-10	3.093588e-10	4.193792e-10	5.293996e-10	6.394200e-10	7.494404e-10
1.000000e-35	1.000000e-35	1.000000e-35	1.883363e-10	2.983567e-10	4.083772e-10	5.183976e-10	6.284180e-10	7.384384e-10
1.000000e-35	1.000000e-35	1.000000e-35	1.773343e-10	2.873547e-10	3.973751e-10	5.073955e-10	6.174159e-10	7.274363e-10
1.000000e-35	1.000000e-35	1.000000e-35	1.663323e-10	2.763527e-10	3.863731e-10	4.963935e-10	6.064139e-10	7.164343e-10
1.000000e-35	1.000000e-35	1.000000e-35	1.553302e-10	2.653506e-10	3.753710e-10	4.853914e-10	5.954119e-10	7.054323e-10
1.000000e-35	1.000000e-35	1.000000e-35	1.443282e-10	2.543486e-10	3.643690e-10	4.743894e-10	5.844098e-10	6.944302e-10
1.000000e-35	1.000000e-35	1.000000e-35	1.333261e-10	2.433465e-10	3.533670e-10	4.633874e-10	5.734078e-10	6.834282e-10
1.000000e-35	1.000000e-35	1.000000e-35	1.223241e-10	2.323445e-10	3.423649e-10	4.523853e-10	5.624057e-10	6.724261e-10
1.000000e-35	1.000000e-35	1.000000e-35	1.113221e-10	2.213425e-10	3.313629e-10	4.413833e-10	5.514037e-10	6.614241e-10
1.000000e-35	1.000000e-35	1.000000e-35	1.003200e-10	2.103404e-10	3.203608e-10	4.303812e-10	5.404016e-10	6.504221e-10
1.000000e-35	1.000000e-35	1.000000e-35	8.931797e-11	1.993384e-10	3.093588e-10	4.193792e-10	5.293996e-10	6.394200e-10
1.000000e-35	1.000000e-35	1.000000e-35	1.000000e-35	1.883363e-10	2.983567e-10	4.083772e-10	5.183976e-10	6.284180e-10
1.000000e-35	1.000000e-35	1.000000e-35	1.000000e-35	1.773343e-10	2.873547e-10	3.973751e-10	5.073955e-10	6.174159e-10
1.000000e-35	1.000000e-35	1.000000e-35	1.000000e-35	1.663323e-10	2.763527e-10	3.863731e-10	4.963935e-10	6.064139e-10
1.000000e-35	1.000000e-35	1.000000e-35	1.000000e-35	1.553302e-10	2.653506e-10	3.753710e-10	4.853914e-10	5.954119e-10
1.000000e-35	1.000000e-35	1.000000e-35	1.000000e-35	1.443282e-10	2.543486e-10	3.643690e-10	4.743894e-10	5.844098e-10
1.000000e-35	1.000000e-35	1.000000e-35	1.000000e-35	1.333261e-10	2.433465e-10	3.533670e-10	4.633874e-10	5.734078e-10
1.000000e-35	1.000000e-35	1.000000e-35	1.000000e-35	1.223241e-10	2.323445e-10	3.423649e-10	4.523853e-10	5.624057e-10
1.000000e-35	1.000000e-35	1.000000e-35	1.000000e-35	1.113221e-10	2.213425e-10	3.313629e-10	4.413833e-10	5.514037e-10
1.000000e-35	1.000000e-35	1.000000e-35	1.000000e-35	1.003200e-10	2.103404e-10	3.203608e-10	4.303812e-10	5.404016e-10
1.000000e-35	1.000000e-35	1.000000e-35	1.000000e-35	8.931797e-11	1.993384e-10	3.093588e-10	4.193792e-10	5.293996e-10
1.000000e-35	1.000000e-35	1.000000e-35	1.000000e-35	1.000000e-35	1.883363e-10	2.983567e-10	4.083772e-10	5.183976e-10
1.000000e-35	1.000000e-35	1.000000e-35	1.000000e-35	1.000000e-35	1.773343e-10	2.873547e-10	3.973751e-10	5.073955e-10
1.000000e-35	1.000000e-35	1.000000e-35	1.000000e-35	1.000000e-35	1.663323e-10	2.763527e-10	3.863731e-10	4.963935e-10
1.000000e-35	1.000000e-35	1.000000e-35	1.000000e-35	1.000000e-35	1.553302e-10	2.653506e-10	3.753710e-10	4.853914e-10
1.000000e-35	1.000000e-35	1.000000e-35	1.000000e-35	1.000000e-35	1.443282e-10	2.543486e-10	3.643690e-10	4.743894e-10
1.000000e-35	1.000000e-35	1.000000e-35	1.000000e-35	1.000000e-35	1.333261e-10	2.433465e-10	3.533670e-10	4.633874e-10
1.000000e-35	1.000000e-35	1.000000e-35	1.000000e-35	1.000000e-35	1.223241e-10	2.323445e-10	3.423649e-10	4.523853e-10
1.000000e-35	1.000000e-35	1.000000e-35	1.000000e-35	1.000000e-35	1.113221e-10	2.213425e-10	3.313629e-10	4.413833e-10
1.000000e-35	1.000000e-35	1.000000e-35	1.000000e-35	1.000000e-35	1.003200e-10	2.103404e-10	3.203608e-10	4.303812e-10
1.000000e-35	1.000000e-35	1.000000e-35	1.000000e-35	1.000000e-35	8.931797e-11	1.993384e-10	3.093588e-10	4.193792e-10
1.000000e-35	1.000000e-35	1.000000e-35	1.000000e-35	1.000000e-35	1.000000e-35	1.883363e-10	2.983567e-10	4.083772e-10
1.000000e-35	1.000000e-35	1.000000e-35	1.000000e-35	1.000000e-35	1.000000e-35	1.773343e-10	2.873547e-10	3.973751e-10
1.000000e-35	1.000000e-35	1.000000e-35	1.000000e-35	1.000000e-35	1.000000e-35	1.663323e-10	2.763527e-10	3.863731e-10
1.000000e-35	1.000000e-35	1.000000e-35	1.000000e-35	1.000000e-35	1.000000e-35	1.553302e-10	2.653506e-10	3.753710e-10
1.000000e-35	1.000000e-35	1.000000e-35	1.000000e-35	1.000000e-35	1.000000e-35	1.443282e-10	2.543486e-10	3.643690e-10
1.000000e-35	1.000000e-35	1.000000e-35	1.000000e-35	1.000000e-35	1.000000e-35	1.333261e-10	2.433465e-10	3.533670e-10
1.000000e-35	1.000000e-35	1.000000e-35	1.000000e-35	1.000000e-35	1.000000e-35	1.223241e-10	2.323445e-10	3.423649e-10
1.000000e-35	1.000000e-35	1.000000e-35	1.000000e-35	1.000000e-35	1.000000e-35	1.113221e-10	2.213425e-10	3.313629e-10
1.000000e-35	1.000000e-35	1.000000e-35	1.000000e-35	1.000000e-35	1.000000e-35	1.003200e-10	2.103404e-10	3.203608e-10
1.000000e-35	1.000000e-35	1.000000e-35	1.000000e-35	1.000000e-35	1.000000e-35	8.931797e-11	1.993384e-10	3.093588e-10
1.000000e-35	1.000000e-35	1.000000e-35	1.000000e-35	1.000000e-35	1.000000e-35	1.000000e-35	1.883363e-10	2.983567e-10
1.000000e-35	1.000000e-35	1.000000e-35	1.000000e-35	1.000000e-35	1.000000e-35	1.000000e-35	1.773343e-10	2.873547e-10
1.000000e-35	1.000000e-35	1.000000e-35	1.000000e-35	1.000000e-35	1.000000e-35	1.000000e-35	1.663323e-10	2.763527e-10
1.000000e-35	1.000000e-35	1.000000e-35	1.000000e-35	1.000000e-35	1.000000e-35	1.000000e-35	1.553302e-10	2.653506e-10
1.000000e-35	1.000000e-35	1.000000e-35	1.000000e-35	1.000000e-35	1.000000e-35	1.000000e-35	1.443282e-10	2.543486e-10
1.000000e-35	1.000000e-35	1.000000e-35	1.000000e-35	1.000000e-35	1.000000e-35	1.000000e-35	1.333261e-10	2.433465e-10
1.000000e-35	1.000000e-35	1.000000e-35	1.000000e-35	1.000000e-35	1.000000e-35	1.000000e-35	1.223241e-10	2.323445e-10
1.000000e-35	1.000000e-35	1.000000e-35	1.000000e-35	1.000000e-35	1.000000e-35	1.000000e-35	1.113221e-10	2.213425e-10
1.000000e-35	1.000000e-35	1.000000e-35	1.000000e-35	1.000000e-35	1.000000e-35	1.000000e-35	1.003200e-10	2.103404e-10
1.000000e-35	1.000000e-35	1.000000e-35	1.000000e-35	1.000000e-35	1.000000e-35	1.000000e-35	8.931797e-11	1.993384e-10
1.000000e-35	1.000000e-35	1.000000e-35	1.000000e-35	1.000000e-35	1.000000e-35	1.000000e-35	1.000000e-35	1.883363e-10
1.000000e-35	1.000000e-35	1.000000e-35	1.000000e-35	1.000000e-35	1.000000e-35	1.000000e-35	1.000000e-35	1.773343e-10
1.000000e-35	1.000000e-35	1.000000e-35	1.000000e-35	1.000000e-35	1.000000e-35	1.000000e-35	1.000000e-35	1.663323e-10
1.000000e-35	1.000000e-35	1.000000e-35	1.000000e-35	1.000000e-35	1.000000e-35	1.000000e-35	1.000000e-35	1.553302e-10
1.000000e-35	1.000000e-35	1.000000e-35	1.000000e-35	1.000000e-35	1.000000e-35	1.000000e-35	1.000000e-35	1.443282e-10
1.000000e-35	1.000000e-35	1.000000e-35	1.000000e-35	1.000000e-35	1.000000e-35	1.000000e-35	1.000000e-35	1.333261e-10
1.000000e-35	1.000000e-35	1.000000e-35	1.000000e-35	1.000000e-35	1.000000e-35	1.000000e-35	1.000000e-35	1.223241e-10
1.000000e-35	1.000000e-35	1.000000e-35	1.000000e-35	1.000000e-35	1.000000e-35	1.000000e-35	1.000000e-35	1.113221e-10
1.000000e-35	1.000000e-35	1.000000e-35	1.000000e-35	1.000000e-35	1.000000e-35	1.000000e-35	1.000000e-35	1.003200e-10
1.000000e-35	1.000000e-35	1.000000e-35	1.000000e-35	1.000000e-35	1.000000e-35	1.000000e-35	1.000000e-35	8.931797e-11
1.000000e-35	1.000000e-35	1.000000e-35	1.000000e-35	1.000000e-35	1.000000e-35	1.000000e-35	1.000000e-35	1.000000e-35
1.000000e-35	1.000000e-35	1.000000e-35	1.000000e-35	1.000000e-35	1.000000e-35	1.000000e-35	1.000000e-35	1.000000e-35
1.000000e-35	1.000000e-35	1.000000e-35	1.000000e-35	1.000000e-35	1.000000e-35	1.000000e-35	1.000000e-35	1.000000e-35
1.000000e-35	1.000000e-35	1.000000e-35	1.000000e-35	1.000000e-35	1.000000e-35	1.000000e-35	1.000000e-35	1.000000e-35
1.000000e-35	1.000000e-35	1.000000e-35	1.000000e-35	1.000000e-35	1.000000e-35	1.000000e-35	1.000000e-35	1.000000e-35
1.000000e-35	1.000000e-35	1.000000e-35	1.000000e-35	1.000000e-35	1.000000e-35	1.000000e-35	1.000000e-35	1.000000e-35
1.000000e-35	1.000000e-35	1.000000e-35	1.000000e-35	1.000000e-35	1.000000e-35	1.000000e-35	1.000000e-35	1.000000e-35
1.000000e-35	1.000000e-35	1.000000e-35	1.000000e-35	1.000000e-35	1.000000e-35	1.000000e-35	1.000000e-35	1.000000e-35
1.000000e-35	1.000000e-35	1.000000e-35	1.000000e-35	1.000000e-35	1.000000e-35	1.000000e-35	1.000000e-35	1.000000e-35
1.000000e-35	1.000000e-35	1.000000e-35	1.000000e-35	1.000000e-35	1.000000e-35	1.000000e-35	1.000000e-35	1.000000e-35
