1.000000e-35	1.000000e-35	1.000000e-35	1.000000e-35	1.000000e-35	1.000000e-35	1.000000e-35	1.000000e-35	1.000000e-35
1.000000e-35	1.000000e-35	1.000000e-35	1.000000e-35	1.000000e-35	1.000000e-35	1.000000e-35	1.000000e-35	1.000000e-35
1.000000e-35	1.000000e-35	1.000000e-35	1.000000e-35	1.000000e-35	1.000000e-35	1.000000e-35	1.000000e-35	1.000000e-35
1.000000e-35	1.000000e-35	1.000000e-35	1.000000e-35	1.000000e-35	1.000000e-35	1.000000e-35	1.000000e-35	1.000000e-35
1.000000e-35	1.000000e-35	1.000000e-35	1.000000e-35	1.000000e-35	1.000000e-35	1.000000e-35	1.000000e-35	1.000000e-35
1.000000e-35	1.000000e-35	1.000000e-35	1.000000e-35	1.000000e-35	1.000000e-35	1.000000e-35	1.000000e-35	1.000000e-35
1.000000e-35	1.000000e-35	1.000000e-35	1.000000e-35	1.000000e-35	1.000000e-35	1.000000e-35	1.000000e-35	1.000000e-35
1.000000e-35	1.000000e-35	1.000000e-35	1.000000e-35	1.000000e-35	1.000000e-35	1.000000e-35	1.000000e-35	1.000000e-35
1.000000e-35	1.000000e-35	1.000000e-35	1.000000e-35	1.000000e-35	1.000000e-35	1.000000e-35	1.000000e-35	1.000000e-35
1.000000e-35	1.000000e-35	1.000000e-35	1.000000e-35	1.000000e-35	1.000000e-35	1.000000e-35	1.000000e-35	1.000000e-35
2.658421e-12	2.586812e-12	2.515203e-12	2.443594e-12	2.371985e-12	2.300376e-12	2.228767e-12	2.157158e-12	2.085549e-12
1.088395e-11	1.119780e-11	1.151165e-11	1.182550e-11	1.213935e-11	1.245320e-11	1.276705e-11	1.308090e-11	1.339475e-11
3.968336e-11	4.135902e-11	4.303468e-11	4.471034e-11	4.638600e-11	4.806166e-11	4.973732e-11	5.141298e-11	5.308864e-11
4.487667e-10	4.866994e-10	5.246321e-10	5.625648e-10	6.004975e-10	6.384302e-10	6.763629e-10	7.142956e-10	7.522283e-10
4.125803e-10	4.275816e-10	4.425829e-10	4.575842e-10	4.725855e-10	4.875868e-10	5.025881e-10	5.175894e-10	5.325907e-10
9.969919e-10	1.022403e-09	1.047814e-09	1.073225e-09	1.098636e-09	1.124046e-09	1.149457e-09	1.174868e-09	1.200279e-09
2.513278e-09	2.558106e-09	2.602934e-09	2.647762e-09	2.692590e-09	2.737418e-09	2.782246e-09	2.827074e-09	2.871902e-09
6.864599e-08	6.843078e-08	6.821557e-08	6.800036e-08	6.778515e-08	6.756994e-08	6.735473e-08	6.713952e-08	6.692431e-08
2.319820e-08	2.300530e-08	2.281240e-08	2.261950e-08	2.242660e-08	2.223370e-08	2.204080e-08	2.184790e-08	2.165500e-08
5.608041e-09	5.686832e-09	5.765623e-09	5.844414e-09	5.923205e-09	6.001996e-09	6.080787e-09	6.159578e-09	6.238369e-09
1.108752e-08	1.118934e-08	1.129116e-08	1.139298e-08	1.149480e-08	1.159662e-08	1.169844e-08	1.180026e-08	1.190208e-08
8.918585e-09	9.045620e-09	9.172655e-09	9.299690e-09	9.426725e-09	9.553760e-09	9.680795e-09	9.807830e-09	9.934865e-09
1.096011e-08	1.106522e-08	1.117033e-08	1.127544e-08	1.138055e-08	1.148566e-08	1.159077e-08	1.169588e-08	1.180099e-08
1.640778e-08	1.665266e-08	1.689754e-08	1.714242e-08	1.738730e-08	1.763218e-08	1.787706e-08	1.812194e-08	1.836682e-08
1.463973e-08	1.476276e-08	1.488579e-08	1.500882e-08	1.513185e-08	1.525488e-08	1.537791e-08	1.550094e-08	1.562397e-08
1.644964e-08	1.661858e-08	1.678752e-08	1.695646e-08	1.712540e-08	1.729434e-08	1.746328e-08	1.763222e-08	1.780116e-08
1.817791e-08	1.830382e-08	1.842973e-08	1.855564e-08	1.868155e-08	1.880746e-08	1.893337e-08	1.905928e-08	1.918519e-08
2.055805e-08	2.069570e-08	2.083335e-08	2.097100e-08	2.110865e-08	2.124630e-08	2.138395e-08	2.152160e-08	2.165925e-08
2.131002e-08	2.147614e-08	2.164226e-08	2.180838e-08	2.197450e-08	2.214062e-08	2.230674e-08	2.247286e-08	2.263898e-08
2.314605e-08	2.327630e-08	2.340655e-08	2.353680e-08	2.366705e-08	2.379730e-08	2.392755e-08	2.405780e-08	2.418805e-08
2.480446e-08	2.497302e-08	2.514158e-08	2.531014e-08	2.547870e-08	2.564726e-08	2.581582e-08	2.598438e-08	2.615294e-08
2.657118e-08	2.672026e-08	2.686934e-08	2.701842e-08	2.716750e-08	2.731658e-08	2.746566e-08	2.761474e-08	2.776382e-08
2.788109e-08	2.802138e-08	2.816167e-08	2.830196e-08	2.844225e-08	2.858254e-08	2.872283e-08	2.886312e-08	2.900341e-08
2.907127e-08	2.924614e-08	2.942101e-08	2.959588e-08	2.977075e-08	2.994562e-08	3.012049e-08	3.029536e-08	3.047023e-08
3.064829e-08	3.077028e-08	3.089227e-08	3.101426e-08	3.113625e-08	3.125824e-08	3.138023e-08	3.150222e-08	3.162421e-08
3.191964e-08	3.200158e-08	3.208352e-08	3.216546e-08	3.224740e-08	3.232934e-08	3.241128e-08	3.249322e-08	3.257516e-08
3.288280e-08	3.296480e-08	3.304680e-08	3.312880e-08	3.321080e-08	3.329280e-08	3.337480e-08	3.345680e-08	3.353880e-08
3.398894e-08	3.412678e-08	3.426462e-08	3.440246e-08	3.454030e-08	3.467814e-08	3.481598e-08	3.495382e-08	3.509166e-08
3.515181e-08	3.529242e-08	3.543303e-08	3.557364e-08	3.571425e-08	3.585486e-08	3.599547e-08	3.613608e-08	3.627669e-08
3.622833e-08	3.632146e-08	3.641459e-08	3.650772e-08	3.660085e-08	3.669398e-08	3.678711e-08	3.688024e-08	3.697337e-08
3.681372e-08	3.701914e-08	3.722456e-08	3.742998e-08	3.763540e-08	3.784082e-08	3.804624e-08	3.825166e-08	3.845708e-08
3.825557e-08	3.834014e-08	3.842471e-08	3.850928e-08	3.859385e-08	3.867842e-08	3.876299e-08	3.884756e-08	3.893213e-08
3.904492e-08	3.913934e-08	3.923376e-08	3.932818e-08	3.942260e-08	3.951702e-08	3.961144e-08	3.970586e-08	3.980028e-08
3.939133e-08	3.956326e-08	3.973519e-08	3.990712e-08	4.007905e-08	4.025098e-08	4.042291e-08	4.059484e-08	4.076677e-08
4.093871e-08	4.104472e-08	4.115073e-08	4.125674e-08	4.136275e-08	4.146876e-08	4.157477e-08	4.168078e-08	4.178679e-08
4.131045e-08	4.142840e-08	4.154635e-08	4.166430e-08	4.178225e-08	4.190020e-08	4.201815e-08	4.213610e-08	4.225405e-08
4.246201e-08	4.251402e-08	4.256603e-08	4.261804e-08	4.267005e-08	4.272206e-08	4.277407e-08	4.282608e-08	4.287809e-08
4.284065e-08	4.295160e-08	4.306255e-08	4.317350e-08	4.328445e-08	4.339540e-08	4.350635e-08	4.361730e-08	4.372825e-08
4.360769e-08	4.372528e-08	4.384287e-08	4.396046e-08	4.407805e-08	4.419564e-08	4.431323e-08	4.443082e-08	4.454841e-08
4.401823e-08	4.423246e-08	4.444669e-08	4.466092e-08	4.487515e-08	4.508938e-08	4.530361e-08	4.551784e-08	4.573207e-08
4.530994e-08	4.540348e-08	4.549702e-08	4.559056e-08	4.568410e-08	4.577764e-08	4.587118e-08	4.596472e-08	4.605826e-08
4.607866e-08	4.615042e-08	4.622218e-08	4.629394e-08	4.636570e-08	4.643746e-08	4.650922e-08	4.658098e-08	4.665274e-08
4.595897e-08	4.607254e-08	4.618611e-08	4.629968e-08	4.641325e-08	4.652682e-08	4.664039e-08	4.675396e-08	4.686753e-08
4.710161e-08	4.720832e-08	4.731503e-08	4.742174e-08	4.752845e-08	4.763516e-08	4.774187e-08	4.784858e-08	4.795529e-08
4.753151e-08	4.766222e-08	4.779293e-08	4.792364e-08	4.805435e-08	4.818506e-08	4.831577e-08	4.844648e-08	4.857719e-08
4.810119e-08	4.830068e-08	4.850017e-08	4.869966e-08	4.889915e-08	4.909864e-08	4.929813e-08	4.949762e-08	4.969711e-08
4.890771e-08	4.898042e-08	4.905313e-08	4.912584e-08	4.919855e-08	4.927126e-08	4.934397e-08	4.941668e-08	4.948939e-08
4.895900e-08	4.904210e-08	4.912520e-08	4.920830e-08	4.929140e-08	4.937450e-08	4.945760e-08	4.954070e-08	4.962380e-08
4.979344e-08	4.994608e-08	5.009872e-08	5.025136e-08	5.040400e-08	5.055664e-08	5.070928e-08	5.086192e-08	5.101456e-08
4.960048e-08	4.979616e-08	4.999184e-08	5.018752e-08	5.038320e-08	5.057888e-08	5.077456e-08	5.097024e-08	5.116592e-08
5.026549e-08	5.038238e-08	5.049927e-08	5.061616e-08	5.073305e-08	5.084994e-08	5.096683e-08	5.108372e-08	5.120061e-08
5.029290e-08	5.049320e-08	5.069350e-08	5.089380e-08	5.109410e-08	5.129440e-08	5.149470e-08	5.169500e-08	5.189530e-08
5.092791e-08	5.112382e-08	5.131973e-08	5.151564e-08	5.171155e-08	5.190746e-08	5.210337e-08	5.229928e-08	5.249519e-08
5.147371e-08	5.163012e-08	5.178653e-08	5.194294e-08	5.209935e-08	5.225576e-08	5.241217e-08	5.256858e-08	5.272499e-08
5.126777e-08	5.136934e-08	5.147091e-08	5.157248e-08	5.167405e-08	5.177562e-08	5.187719e-08	5.197876e-08	5.208033e-08
5.200933e-08	5.221676e-08	5.242419e-08	5.263162e-08	5.283905e-08	5.304648e-08	5.325391e-08	5.346134e-08	5.366877e-08
5.161282e-08	5.181254e-08	5.201226e-08	5.221198e-08	5.241170e-08	5.261142e-08	5.281114e-08	5.301086e-08	5.321058e-08
5.225639e-08	5.253668e-08	5.281697e-08	5.309726e-08	5.337755e-08	5.365784e-08	5.393813e-08	5.421842e-08	5.449871e-08
5.236945e-08	5.256570e-08	5.276195e-08	5.295820e-08	5.315445e-08	5.335070e-08	5.354695e-08	5.374320e-08	5.393945e-08
5.308329e-08	5.325248e-08	5.342167e-08	5.359086e-08	5.376005e-08	5.392924e-08	5.409843e-08	5.426762e-08	5.443681e-08
5.253951e-08	5.273782e-08	5.293613e-08	5.313444e-08	5.333275e-08	5.353106e-08	5.372937e-08	5.392768e-08	5.412599e-08
5.288245e-08	5.315940e-08	5.343635e-08	5.371330e-08	5.399025e-08	5.426720e-08	5.454415e-08	5.482110e-08	5.509805e-08
5.258476e-08	5.289872e-08	5.321268e-08	5.352664e-08	5.384060e-08	5.415456e-08	5.446852e-08	5.478248e-08	5.509644e-08
2.153277e-07	2.162254e-07	2.171231e-07	2.180208e-07	2.189185e-07	2.198162e-07	2.207139e-07	2.216116e-07	2.225093e-07
5.347298e-08	5.370206e-08	5.393114e-08	5.416022e-08	5.438930e-08	5.461838e-08	5.484746e-08	5.507654e-08	5.530562e-08
5.351231e-08	5.376552e-08	5.401873e-08	5.427194e-08	5.452515e-08	5.477836e-08	5.503157e-08	5.528478e-08	5.553799e-08
5.485026e-08	5.508492e-08	5.531958e-08	5.555424e-08	5.578890e-08	5.602356e-08	5.625822e-08	5.649288e-08	5.672754e-08
5.338328e-08	5.368516e-08	5.398704e-08	5.428892e-08	5.459080e-08	5.489268e-08	5.519456e-08	5.549644e-08	5.579832e-08
5.380240e-08	5.405690e-08	5.431140e-08	5.456590e-08	5.482040e-08	5.507490e-08	5.532940e-08	5.558390e-08	5.583840e-08
5.491010e-08	5.523660e-08	5.556310e-08	5.588960e-08	5.621610e-08	5.654260e-08	5.686910e-08	5.719560e-08	5.752210e-08
5.357462e-08	5.384334e-08	5.411206e-08	5.438078e-08	5.464950e-08	5.491822e-08	5.518694e-08	5.545566e-08	5.572438e-08
5.364774e-08	5.398488e-08	5.432202e-08	5.465916e-08	5.499630e-08	5.533344e-08	5.567058e-08	5.600772e-08	5.634486e-08
5.469379e-08	5.504348e-08	5.539317e-08	5.574286e-08	5.609255e-08	5.644224e-08	5.679193e-08	5.714162e-08	5.749131e-08
3.335196e-06	3.359442e-06	3.383688e-06	3.407934e-06	3.432180e-06	3.456426e-06	3.480672e-06	3.504918e-06	3.529164e-06
5.340798e-08	5.374216e-08	5.407634e-08	5.441052e-08	5.474470e-08	5.507888e-08	5.541306e-08	5.574724e-08	5.608142e-08
5.308871e-08	5.342752e-08	5.376633e-08	5.410514e-08	5.444395e-08	5.478276e-08	5.512157e-08	5.546038e-08	5.579919e-08
5.280895e-08	5.310890e-08	5.340885e-08	5.370880e-08	5.400875e-08	5.430870e-08	5.460865e-08	5.490860e-08	5.520855e-08
9.134894e-08	9.191368e-08	9.247842e-08	9.304316e-08	9.360790e-08	9.417264e-08	9.473738e-08	9.530212e-08	9.586686e-08
5.253562e-08	5.289434e-08	5.325306e-08	5.361178e-08	5.397050e-08	5.432922e-08	5.468794e-08	5.504666e-08	5.540538e-08
5.258811e-08	5.288932e-08	5.319053e-08	5.349174e-08	5.379295e-08	5.409416e-08	5.439537e-08	5.469658e-08	5.499779e-08
5.249926e-08	5.285412e-08	5.320898e-08	5.356384e-08	5.391870e-08	5.427356e-08	5.462842e-08	5.498328e-08	5.533814e-08
5.240336e-08	5.274532e-08	5.308728e-08	5.342924e-08	5.377120e-08	5.411316e-08	5.445512e-08	5.479708e-08	5.513904e-08
5.329331e-08	5.369812e-08	5.410293e-08	5.450774e-08	5.491255e-08	5.531736e-08	5.572217e-08	5.612698e-08	5.653179e-08
5.209871e-08	5.240582e-08	5.271293e-08	5.302004e-08	5.332715e-08	5.363426e-08	5.394137e-08	5.424848e-08	5.455559e-08
5.207011e-08	5.242292e-08	5.277573e-08	5.312854e-08	5.348135e-08	5.383416e-08	5.418697e-08	5.453978e-08	5.489259e-08
1.523874e-07	1.536408e-07	1.548942e-07	1.561476e-07	1.574010e-07	1.586544e-07	1.599078e-07	1.611612e-07	1.624146e-07
1.624856e-06	1.640192e-06	1.655528e-06	1.670864e-06	1.686200e-06	1.701536e-06	1.716872e-06	1.732208e-06	1.747544e-06
5.266995e-08	5.299290e-08	5.331585e-08	5.363880e-08	5.396175e-08	5.428470e-08	5.460765e-08	5.493060e-08	5.525355e-08
1.751082e-07	1.764054e-07	1.777026e-07	1.789998e-07	1.802970e-07	1.815942e-07	1.828914e-07	1.841886e-07	1.854858e-07
7.363147e-07	7.430684e-07	7.498221e-07	7.565758e-07	7.633295e-07	7.700832e-07	7.768369e-07	7.835906e-07	7.903443e-07
5.076764e-08	5.106338e-08	5.135912e-08	5.165486e-08	5.195060e-08	5.224634e-08	5.254208e-08	5.283782e-08	5.313356e-08
7.979330e-08	8.070790e-08	8.162250e-08	8.253710e-08	8.345170e-08	8.436630e-08	8.528090e-08	8.619550e-08	8.711010e-08
4.170202e-08	4.177404e-08	4.184606e-08	4.191808e-08	4.199010e-08	4.206212e-08	4.213414e-08	4.220616e-08	4.227818e-08
3.510602e-08	3.535664e-08	3.560726e-08	3.585788e-08	3.610850e-08	3.635912e-08	3.660974e-08	3.686036e-08	3.711098e-08
3.527126e-08	3.539952e-08	3.552778e-08	3.565604e-08	3.578430e-08	3.591256e-08	3.604082e-08	3.616908e-08	3.629734e-08
3.552688e-08	3.564976e-08	3.577264e-08	3.589552e-08	3.601840e-08	3.614128e-08	3.626416e-08	3.638704e-08	3.650992e-08
3.508008e-08	3.524876e-08	3.541744e-08	3.558612e-08	3.575480e-08	3.592348e-08	3.609216e-08	3.626084e-08	3.642952e-08
3.500029e-08	3.515908e-08	3.531787e-08	3.547666e-08	3.563545e-08	3.579424e-08	3.595303e-08	3.611182e-08	3.627061e-08
3.506667e-08	3.526934e-08	3.547201e-08	3.567468e-08	3.587735e-08	3.608002e-08	3.628269e-08	3.648536e-08	3.668803e-08
4.455059e-08	4.444558e-08	4.434057e-08	4.423556e-08	4.413055e-08	4.402554e-08	4.392053e-08	4.381552e-08	4.371051e-08
3.451142e-08	3.475334e-08	3.499526e-08	3.523718e-08	3.547910e-08	3.572102e-08	3.596294e-08	3.620486e-08	3.644678e-08
3.573632e-08	3.590804e-08	3.607976e-08	3.625148e-08	3.642320e-08	3.659492e-08	3.676664e-08	3.693836e-08	3.711008e-08
3.534999e-08	3.551888e-08	3.568777e-08	3.585666e-08	3.602555e-08	3.619444e-08	3.636333e-08	3.653222e-08	3.670111e-08
2.614098e-07	2.633806e-07	2.653514e-07	2.673222e-07	2.692930e-07	2.712638e-07	2.732346e-07	2.752054e-07	2.771762e-07
3.706083e-08	3.718436e-08	3.730789e-08	3.743142e-08	3.755495e-08	3.767848e-08	3.780201e-08	3.792554e-08	3.804907e-08
5.944535e-08	5.970160e-08	5.995785e-08	6.021410e-08	6.047035e-08	6.072660e-08	6.098285e-08	6.123910e-08	6.149535e-08
5.284687e-08	5.350034e-08	5.415381e-08	5.480728e-08	5.546075e-08	5.611422e-08	5.676769e-08	5.742116e-08	5.807463e-08
3.074488e-08	3.084706e-08	3.094924e-08	3.105142e-08	3.115360e-08	3.125578e-08	3.135796e-08	3.146014e-08	3.156232e-08
3.126481e-08	3.142632e-08	3.158783e-08	3.174934e-08	3.191085e-08	3.207236e-08	3.223387e-08	3.239538e-08	3.255689e-08
3.037844e-08	3.051848e-08	3.065852e-08	3.079856e-08	3.093860e-08	3.107864e-08	3.121868e-08	3.135872e-08	3.149876e-08
3.704116e-08	3.718192e-08	3.732268e-08	3.746344e-08	3.760420e-08	3.774496e-08	3.788572e-08	3.802648e-08	3.816724e-08
2.846266e-08	2.863012e-08	2.879758e-08	2.896504e-08	2.913250e-08	2.929996e-08	2.946742e-08	2.963488e-08	2.980234e-08
2.815565e-08	2.830300e-08	2.845035e-08	2.859770e-08	2.874505e-08	2.889240e-08	2.903975e-08	2.918710e-08	2.933445e-08
2.830166e-08	2.845562e-08	2.860958e-08	2.876354e-08	2.891750e-08	2.907146e-08	2.922542e-08	2.937938e-08	2.953334e-08
2.827664e-08	2.842658e-08	2.857652e-08	2.872646e-08	2.887640e-08	2.902634e-08	2.917628e-08	2.932622e-08	2.947616e-08
2.859686e-08	2.864512e-08	2.869338e-08	2.874164e-08	2.878990e-08	2.883816e-08	2.888642e-08	2.893468e-08	2.898294e-08
2.802821e-08	2.819672e-08	2.836523e-08	2.853374e-08	2.870225e-08	2.887076e-08	2.903927e-08	2.920778e-08	2.937629e-08
2.836271e-08	2.849972e-08	2.863673e-08	2.877374e-08	2.891075e-08	2.904776e-08	2.918477e-08	2.932178e-08	2.945879e-08
2.854740e-08	2.863160e-08	2.871580e-08	2.880000e-08	2.888420e-08	2.896840e-08	2.905260e-08	2.913680e-08	2.922100e-08
2.827013e-08	2.843016e-08	2.859019e-08	2.875022e-08	2.891025e-08	2.907028e-08	2.923031e-08	2.939034e-08	2.955037e-08
2.817612e-08	2.831384e-08	2.845156e-08	2.858928e-08	2.872700e-08	2.886472e-08	2.900244e-08	2.914016e-08	2.927788e-08
2.843110e-08	2.856920e-08	2.870730e-08	2.884540e-08	2.898350e-08	2.912160e-08	2.925970e-08	2.939780e-08	2.953590e-08
2.792521e-08	2.808432e-08	2.824343e-08	2.840254e-08	2.856165e-08	2.872076e-08	2.887987e-08	2.903898e-08	2.919809e-08
2.805956e-08	2.815882e-08	2.825808e-08	2.835734e-08	2.845660e-08	2.855586e-08	2.865512e-08	2.875438e-08	2.885364e-08
2.791360e-08	2.809270e-08	2.827180e-08	2.845090e-08	2.863000e-08	2.880910e-08	2.898820e-08	2.916730e-08	2.934640e-08
2.787257e-08	2.804114e-08	2.820971e-08	2.837828e-08	2.854685e-08	2.871542e-08	2.888399e-08	2.905256e-08	2.922113e-08
2.769868e-08	2.793066e-08	2.816264e-08	2.839462e-08	2.862660e-08	2.885858e-08	2.909056e-08	2.932254e-08	2.955452e-08
2.789435e-08	2.803150e-08	2.816865e-08	2.830580e-08	2.844295e-08	2.858010e-08	2.871725e-08	2.885440e-08	2.899155e-08
2.774777e-08	2.789404e-08	2.804031e-08	2.818658e-08	2.833285e-08	2.847912e-08	2.862539e-08	2.877166e-08	2.891793e-08
2.793294e-08	2.814118e-08	2.834942e-08	2.855766e-08	2.876590e-08	2.897414e-08	2.918238e-08	2.939062e-08	2.959886e-08
2.788991e-08	2.807122e-08	2.825253e-08	2.843384e-08	2.861515e-08	2.879646e-08	2.897777e-08	2.915908e-08	2.934039e-08
2.792339e-08	2.809568e-08	2.826797e-08	2.844026e-08	2.861255e-08	2.878484e-08	2.895713e-08	2.912942e-08	2.930171e-08
2.759592e-08	2.777054e-08	2.794516e-08	2.811978e-08	2.829440e-08	2.846902e-08	2.864364e-08	2.881826e-08	2.899288e-08
2.761643e-08	2.778206e-08	2.794769e-08	2.811332e-08	2.827895e-08	2.844458e-08	2.861021e-08	2.877584e-08	2.894147e-08
2.766212e-08	2.783714e-08	2.801216e-08	2.818718e-08	2.836220e-08	2.853722e-08	2.871224e-08	2.888726e-08	2.906228e-08
2.782269e-08	2.799488e-08	2.816707e-08	2.833926e-08	2.851145e-08	2.868364e-08	2.885583e-08	2.902802e-08	2.920021e-08
2.797059e-08	2.810578e-08	2.824097e-08	2.837616e-08	2.851135e-08	2.864654e-08	2.878173e-08	2.891692e-08	2.905211e-08
2.750919e-08	2.770808e-08	2.790697e-08	2.810586e-08	2.830475e-08	2.850364e-08	2.870253e-08	2.890142e-08	2.910031e-08
2.754683e-08	2.768916e-08	2.783149e-08	2.797382e-08	2.811615e-08	2.825848e-08	2.840081e-08	2.854314e-08	2.868547e-08
2.778984e-08	2.796518e-08	2.814052e-08	2.831586e-08	2.849120e-08	2.866654e-08	2.884188e-08	2.901722e-08	2.919256e-08
2.705344e-08	2.731048e-08	2.756752e-08	2.782456e-08	2.808160e-08	2.833864e-08	2.859568e-08	2.885272e-08	2.910976e-08
2.754758e-08	2.768256e-08	2.781754e-08	2.795252e-08	2.808750e-08	2.822248e-08	2.835746e-08	2.849244e-08	2.862742e-08
2.706058e-08	2.727596e-08	2.749134e-08	2.770672e-08	2.792210e-08	2.813748e-08	2.835286e-08	2.856824e-08	2.878362e-08
2.706525e-08	2.725130e-08	2.743735e-08	2.762340e-08	2.780945e-08	2.799550e-08	2.818155e-08	2.836760e-08	2.855365e-08
2.688573e-08	2.707836e-08	2.727099e-08	2.746362e-08	2.765625e-08	2.784888e-08	2.804151e-08	2.823414e-08	2.842677e-08
2.700836e-08	2.721582e-08	2.742328e-08	2.763074e-08	2.783820e-08	2.804566e-08	2.825312e-08	2.846058e-08	2.866804e-08
2.684732e-08	2.707644e-08	2.730556e-08	2.753468e-08	2.776380e-08	2.799292e-08	2.822204e-08	2.845116e-08	2.868028e-08
2.707285e-08	2.721320e-08	2.735355e-08	2.749390e-08	2.763425e-08	2.777460e-08	2.791495e-08	2.805530e-08	2.819565e-08
2.712130e-08	2.732280e-08	2.752430e-08	2.772580e-08	2.792730e-08	2.812880e-08	2.833030e-08	2.853180e-08	2.873330e-08
2.675073e-08	2.692216e-08	2.709359e-08	2.726502e-08	2.743645e-08	2.760788e-08	2.777931e-08	2.795074e-08	2.812217e-08
2.663830e-08	2.682050e-08	2.700270e-08	2.718490e-08	2.736710e-08	2.754930e-08	2.773150e-08	2.791370e-08	2.809590e-08
2.648228e-08	2.666336e-08	2.684444e-08	2.702552e-08	2.720660e-08	2.738768e-08	2.756876e-08	2.774984e-08	2.793092e-08
2.659011e-08	2.681622e-08	2.704233e-08	2.726844e-08	2.749455e-08	2.772066e-08	2.794677e-08	2.817288e-08	2.839899e-08
2.598221e-08	2.627982e-08	2.657743e-08	2.687504e-08	2.717265e-08	2.747026e-08	2.776787e-08	2.806548e-08	2.836309e-08
2.649371e-08	2.667712e-08	2.686053e-08	2.704394e-08	2.722735e-08	2.741076e-08	2.759417e-08	2.777758e-08	2.796099e-08
2.614801e-08	2.635942e-08	2.657083e-08	2.678224e-08	2.699365e-08	2.720506e-08	2.741647e-08	2.762788e-08	2.783929e-08
2.600426e-08	2.625692e-08	2.650958e-08	2.676224e-08	2.701490e-08	2.726756e-08	2.752022e-08	2.777288e-08	2.802554e-08
2.583901e-08	2.607242e-08	2.630583e-08	2.653924e-08	2.677265e-08	2.700606e-08	2.723947e-08	2.747288e-08	2.770629e-08
2.618756e-08	2.637832e-08	2.656908e-08	2.675984e-08	2.695060e-08	2.714136e-08	2.733212e-08	2.752288e-08	2.771364e-08
2.609353e-08	2.631376e-08	2.653399e-08	2.675422e-08	2.697445e-08	2.719468e-08	2.741491e-08	2.763514e-08	2.785537e-08
2.574878e-08	2.592086e-08	2.609294e-08	2.626502e-08	2.643710e-08	2.660918e-08	2.678126e-08	2.695334e-08	2.712542e-08
2.530071e-08	2.553022e-08	2.575973e-08	2.598924e-08	2.621875e-08	2.644826e-08	2.667777e-08	2.690728e-08	2.713679e-08
2.559459e-08	2.582448e-08	2.605437e-08	2.628426e-08	2.651415e-08	2.674404e-08	2.697393e-08	2.720382e-08	2.743371e-08
2.506906e-08	2.531232e-08	2.555558e-08	2.579884e-08	2.604210e-08	2.628536e-08	2.652862e-08	2.677188e-08	2.701514e-08
2.538777e-08	2.559884e-08	2.580991e-08	2.602098e-08	2.623205e-08	2.644312e-08	2.665419e-08	2.686526e-08	2.707633e-08
2.537752e-08	2.557334e-08	2.576916e-08	2.596498e-08	2.616080e-08	2.635662e-08	2.655244e-08	2.674826e-08	2.694408e-08
2.499205e-08	2.521270e-08	2.543335e-08	2.565400e-08	2.587465e-08	2.609530e-08	2.631595e-08	2.653660e-08	2.675725e-08
2.514199e-08	2.540498e-08	2.566797e-08	2.593096e-08	2.619395e-08	2.645694e-08	2.671993e-08	2.698292e-08	2.724591e-08
2.495203e-08	2.522806e-08	2.550409e-08	2.578012e-08	2.605615e-08	2.633218e-08	2.660821e-08	2.688424e-08	2.716027e-08
2.492877e-08	2.516204e-08	2.539531e-08	2.562858e-08	2.586185e-08	2.609512e-08	2.632839e-08	2.656166e-08	2.679493e-08
2.476976e-08	2.501412e-08	2.525848e-08	2.550284e-08	2.574720e-08	2.599156e-08	2.623592e-08	2.648028e-08	2.672464e-08
2.510193e-08	2.531686e-08	2.553179e-08	2.574672e-08	2.596165e-08	2.617658e-08	2.639151e-08	2.660644e-08	2.682137e-08
2.463861e-08	2.487792e-08	2.511723e-08	2.535654e-08	2.559585e-08	2.583516e-08	2.607447e-08	2.631378e-08	2.655309e-08
2.490300e-08	2.512710e-08	2.535120e-08	2.557530e-08	2.579940e-08	2.602350e-08	2.624760e-08	2.647170e-08	2.669580e-08
2.458913e-08	2.476216e-08	2.493519e-08	2.510822e-08	2.528125e-08	2.545428e-08	2.562731e-08	2.580034e-08	2.597337e-08
2.485934e-08	2.511298e-08	2.536662e-08	2.562026e-08	2.587390e-08	2.612754e-08	2.638118e-08	2.663482e-08	2.688846e-08
2.420379e-08	2.446958e-08	2.473537e-08	2.500116e-08	2.526695e-08	2.553274e-08	2.579853e-08	2.606432e-08	2.633011e-08
2.420797e-08	2.443484e-08	2.466171e-08	2.488858e-08	2.511545e-08	2.534232e-08	2.556919e-08	2.579606e-08	2.602293e-08
2.422619e-08	2.439608e-08	2.456597e-08	2.473586e-08	2.490575e-08	2.507564e-08	2.524553e-08	2.541542e-08	2.558531e-08
2.389164e-08	2.409278e-08	2.429392e-08	2.449506e-08	2.469620e-08	2.489734e-08	2.509848e-08	2.529962e-08	2.550076e-08
2.390063e-08	2.414566e-08	2.439069e-08	2.463572e-08	2.488075e-08	2.512578e-08	2.537081e-08	2.561584e-08	2.586087e-08
2.397572e-08	2.421004e-08	2.444436e-08	2.467868e-08	2.491300e-08	2.514732e-08	2.538164e-08	2.561596e-08	2.585028e-08
2.372490e-08	2.394380e-08	2.416270e-08	2.438160e-08	2.460050e-08	2.481940e-08	2.503830e-08	2.525720e-08	2.547610e-08
2.356262e-08	2.381674e-08	2.407086e-08	2.432498e-08	2.457910e-08	2.483322e-08	2.508734e-08	2.534146e-08	2.559558e-08
2.342665e-08	2.364010e-08	2.385355e-08	2.406700e-08	2.428045e-08	2.449390e-08	2.470735e-08	2.492080e-08	2.513425e-08
2.300925e-08	2.325620e-08	2.350315e-08	2.375010e-08	2.399705e-08	2.424400e-08	2.449095e-08	2.473790e-08	2.498485e-08
2.330118e-08	2.352506e-08	2.374894e-08	2.397282e-08	2.419670e-08	2.442058e-08	2.464446e-08	2.486834e-08	2.509222e-08
2.333668e-08	2.355386e-08	2.377104e-08	2.398822e-08	2.420540e-08	2.442258e-08	2.463976e-08	2.485694e-08	2.507412e-08
2.331703e-08	2.356806e-08	2.381909e-08	2.407012e-08	2.432115e-08	2.457218e-08	2.482321e-08	2.507424e-08	2.532527e-08
2.306765e-08	2.327480e-08	2.348195e-08	2.368910e-08	2.389625e-08	2.410340e-08	2.431055e-08	2.451770e-08	2.472485e-08
2.264784e-08	2.291578e-08	2.318372e-08	2.345166e-08	2.371960e-08	2.398754e-08	2.425548e-08	2.452342e-08	2.479136e-08
2.313514e-08	2.334068e-08	2.354622e-08	2.375176e-08	2.395730e-08	2.416284e-08	2.436838e-08	2.457392e-08	2.477946e-08
2.322004e-08	2.347538e-08	2.373072e-08	2.398606e-08	2.424140e-08	2.449674e-08	2.475208e-08	2.500742e-08	2.526276e-08
2.281366e-08	2.303502e-08	2.325638e-08	2.347774e-08	2.369910e-08	2.392046e-08	2.414182e-08	2.436318e-08	2.458454e-08
2.270362e-08	2.291894e-08	2.313426e-08	2.334958e-08	2.356490e-08	2.378022e-08	2.399554e-08	2.421086e-08	2.442618e-08
2.288690e-08	2.309040e-08	2.329390e-08	2.349740e-08	2.370090e-08	2.390440e-08	2.410790e-08	2.431140e-08	2.451490e-08
2.270110e-08	2.289700e-08	2.309290e-08	2.328880e-08	2.348470e-08	2.368060e-08	2.387650e-08	2.407240e-08	2.426830e-08
2.215002e-08	2.237044e-08	2.259086e-08	2.281128e-08	2.303170e-08	2.325212e-08	2.347254e-08	2.369296e-08	2.391338e-08
2.179926e-08	2.204702e-08	2.229478e-08	2.254254e-08	2.279030e-08	2.303806e-08	2.328582e-08	2.353358e-08	2.378134e-08
2.189359e-08	2.215918e-08	2.242477e-08	2.269036e-08	2.295595e-08	2.322154e-08	2.348713e-08	2.375272e-08	2.401831e-08
2.210764e-08	2.231788e-08	2.252812e-08	2.273836e-08	2.294860e-08	2.315884e-08	2.336908e-08	2.357932e-08	2.378956e-08
2.174704e-08	2.195108e-08	2.215512e-08	2.235916e-08	2.256320e-08	2.276724e-08	2.297128e-08	2.317532e-08	2.337936e-08
2.176114e-08	2.197998e-08	2.219882e-08	2.241766e-08	2.263650e-08	2.285534e-08	2.307418e-08	2.329302e-08	2.351186e-08
2.165937e-08	2.193134e-08	2.220331e-08	2.247528e-08	2.274725e-08	2.301922e-08	2.329119e-08	2.356316e-08	2.383513e-08
2.165623e-08	2.191706e-08	2.217789e-08	2.243872e-08	2.269955e-08	2.296038e-08	2.322121e-08	2.348204e-08	2.374287e-08
2.169435e-08	2.190320e-08	2.211205e-08	2.232090e-08	2.252975e-08	2.273860e-08	2.294745e-08	2.315630e-08	2.336515e-08
2.144179e-08	2.163858e-08	2.183537e-08	2.203216e-08	2.222895e-08	2.242574e-08	2.262253e-08	2.281932e-08	2.301611e-08
2.121829e-08	2.145318e-08	2.168807e-08	2.192296e-08	2.215785e-08	2.239274e-08	2.262763e-08	2.286252e-08	2.309741e-08
2.125252e-08	2.146984e-08	2.168716e-08	2.190448e-08	2.212180e-08	2.233912e-08	2.255644e-08	2.277376e-08	2.299108e-08
2.113346e-08	2.135612e-08	2.157878e-08	2.180144e-08	2.202410e-08	2.224676e-08	2.246942e-08	2.269208e-08	2.291474e-08
2.102838e-08	2.125496e-08	2.148154e-08	2.170812e-08	2.193470e-08	2.216128e-08	2.238786e-08	2.261444e-08	2.284102e-08
2.105605e-08	2.128310e-08	2.151015e-08	2.173720e-08	2.196425e-08	2.219130e-08	2.241835e-08	2.264540e-08	2.287245e-08
2.101562e-08	2.124024e-08	2.146486e-08	2.168948e-08	2.191410e-08	2.213872e-08	2.236334e-08	2.258796e-08	2.281258e-08
2.088662e-08	2.111224e-08	2.133786e-08	2.156348e-08	2.178910e-08	2.201472e-08	2.224034e-08	2.246596e-08	2.269158e-08
2.072954e-08	2.093518e-08	2.114082e-08	2.134646e-08	2.155210e-08	2.175774e-08	2.196338e-08	2.216902e-08	2.237466e-08
2.052074e-08	2.074928e-08	2.097782e-08	2.120636e-08	2.143490e-08	2.166344e-08	2.189198e-08	2.212052e-08	2.234906e-08
2.050608e-08	2.078866e-08	2.107124e-08	2.135382e-08	2.163640e-08	2.191898e-08	2.220156e-08	2.248414e-08	2.276672e-08
2.050759e-08	2.075968e-08	2.101177e-08	2.126386e-08	2.151595e-08	2.176804e-08	2.202013e-08	2.227222e-08	2.252431e-08
2.049670e-08	2.079190e-08	2.108710e-08	2.138230e-08	2.167750e-08	2.197270e-08	2.226790e-08	2.256310e-08	2.285830e-08
2.019233e-08	2.043976e-08	2.068719e-08	2.093462e-08	2.118205e-08	2.142948e-08	2.167691e-08	2.192434e-08	2.217177e-08
1.994684e-08	2.019608e-08	2.044532e-08	2.069456e-08	2.094380e-08	2.119304e-08	2.144228e-08	2.169152e-08	2.194076e-08
2.009325e-08	2.030230e-08	2.051135e-08	2.072040e-08	2.092945e-08	2.113850e-08	2.134755e-08	2.155660e-08	2.176565e-08
2.006479e-08	2.030508e-08	2.054537e-08	2.078566e-08	2.102595e-08	2.126624e-08	2.150653e-08	2.174682e-08	2.198711e-08
1.987738e-08	2.009256e-08	2.030774e-08	2.052292e-08	2.073810e-08	2.095328e-08	2.116846e-08	2.138364e-08	2.159882e-08
1.974728e-08	1.998066e-08	2.021404e-08	2.044742e-08	2.068080e-08	2.091418e-08	2.114756e-08	2.138094e-08	2.161432e-08
1.944699e-08	1.968878e-08	1.993057e-08	2.017236e-08	2.041415e-08	2.065594e-08	2.089773e-08	2.113952e-08	2.138131e-08
1.979194e-08	1.997918e-08	2.016642e-08	2.035366e-08	2.054090e-08	2.072814e-08	2.091538e-08	2.110262e-08	2.128986e-08
1.942569e-08	1.964558e-08	1.986547e-08	2.008536e-08	2.030525e-08	2.052514e-08	2.074503e-08	2.096492e-08	2.118481e-08
1.892225e-08	1.925460e-08	1.958695e-08	1.991930e-08	2.025165e-08	2.058400e-08	2.091635e-08	2.124870e-08	2.158105e-08
1.935871e-08	1.958772e-08	1.981673e-08	2.004574e-08	2.027475e-08	2.050376e-08	2.073277e-08	2.096178e-08	2.119079e-08
1.946151e-08	1.965462e-08	1.984773e-08	2.004084e-08	2.023395e-08	2.042706e-08	2.062017e-08	2.081328e-08	2.100639e-08
1.920158e-08	1.948496e-08	1.976834e-08	2.005172e-08	2.033510e-08	2.061848e-08	2.090186e-08	2.118524e-08	2.146862e-08
1.926216e-08	1.949892e-08	1.973568e-08	1.997244e-08	2.020920e-08	2.044596e-08	2.068272e-08	2.091948e-08	2.115624e-08
1.897134e-08	1.919518e-08	1.941902e-08	1.964286e-08	1.986670e-08	2.009054e-08	2.031438e-08	2.053822e-08	2.076206e-08
1.898539e-08	1.918068e-08	1.937597e-08	1.957126e-08	1.976655e-08	1.996184e-08	2.015713e-08	2.035242e-08	2.054771e-08
1.902256e-08	1.923302e-08	1.944348e-08	1.965394e-08	1.986440e-08	2.007486e-08	2.028532e-08	2.049578e-08	2.070624e-08
1.848790e-08	1.876750e-08	1.904710e-08	1.932670e-08	1.960630e-08	1.988590e-08	2.016550e-08	2.044510e-08	2.072470e-08
1.875069e-08	1.894908e-08	1.914747e-08	1.934586e-08	1.954425e-08	1.974264e-08	1.994103e-08	2.013942e-08	2.033781e-08
1.878095e-08	1.897470e-08	1.916845e-08	1.936220e-08	1.955595e-08	1.974970e-08	1.994345e-08	2.013720e-08	2.033095e-08
1.858291e-08	1.883502e-08	1.908713e-08	1.933924e-08	1.959135e-08	1.984346e-08	2.009557e-08	2.034768e-08	2.059979e-08
1.851028e-08	1.873876e-08	1.896724e-08	1.919572e-08	1.942420e-08	1.965268e-08	1.988116e-08	2.010964e-08	2.033812e-08
1.833381e-08	1.852422e-08	1.871463e-08	1.890504e-08	1.909545e-08	1.928586e-08	1.947627e-08	1.966668e-08	1.985709e-08
1.843389e-08	1.864178e-08	1.884967e-08	1.905756e-08	1.926545e-08	1.947334e-08	1.968123e-08	1.988912e-08	2.009701e-08
1.810574e-08	1.836468e-08	1.862362e-08	1.888256e-08	1.914150e-08	1.940044e-08	1.965938e-08	1.991832e-08	2.017726e-08
1.797832e-08	1.820564e-08	1.843296e-08	1.866028e-08	1.888760e-08	1.911492e-08	1.934224e-08	1.956956e-08	1.979688e-08
1.809039e-08	1.830128e-08	1.851217e-08	1.872306e-08	1.893395e-08	1.914484e-08	1.935573e-08	1.956662e-08	1.977751e-08
1.785032e-08	1.805984e-08	1.826936e-08	1.847888e-08	1.868840e-08	1.889792e-08	1.910744e-08	1.931696e-08	1.952648e-08
1.799480e-08	1.817490e-08	1.835500e-08	1.853510e-08	1.871520e-08	1.889530e-08	1.907540e-08	1.925550e-08	1.943560e-08
1.770934e-08	1.794498e-08	1.818062e-08	1.841626e-08	1.865190e-08	1.888754e-08	1.912318e-08	1.935882e-08	1.959446e-08
1.760727e-08	1.785764e-08	1.810801e-08	1.835838e-08	1.860875e-08	1.885912e-08	1.910949e-08	1.935986e-08	1.961023e-08
1.759416e-08	1.782322e-08	1.805228e-08	1.828134e-08	1.851040e-08	1.873946e-08	1.896852e-08	1.919758e-08	1.942664e-08
1.747968e-08	1.772536e-08	1.797104e-08	1.821672e-08	1.846240e-08	1.870808e-08	1.895376e-08	1.919944e-08	1.944512e-08
1.746245e-08	1.768640e-08	1.791035e-08	1.813430e-08	1.835825e-08	1.858220e-08	1.880615e-08	1.903010e-08	1.925405e-08
1.747219e-08	1.772308e-08	1.797397e-08	1.822486e-08	1.847575e-08	1.872664e-08	1.897753e-08	1.922842e-08	1.947931e-08
1.699310e-08	1.724530e-08	1.749750e-08	1.774970e-08	1.800190e-08	1.825410e-08	1.850630e-08	1.875850e-08	1.901070e-08
1.724903e-08	1.743726e-08	1.762549e-08	1.781372e-08	1.800195e-08	1.819018e-08	1.837841e-08	1.856664e-08	1.875487e-08
1.710620e-08	1.732770e-08	1.754920e-08	1.777070e-08	1.799220e-08	1.821370e-08	1.843520e-08	1.865670e-08	1.887820e-08
1.727190e-08	1.748370e-08	1.769550e-08	1.790730e-08	1.811910e-08	1.833090e-08	1.854270e-08	1.875450e-08	1.896630e-08
1.712071e-08	1.729992e-08	1.747913e-08	1.765834e-08	1.783755e-08	1.801676e-08	1.819597e-08	1.837518e-08	1.855439e-08
1.692700e-08	1.717460e-08	1.742220e-08	1.766980e-08	1.791740e-08	1.816500e-08	1.841260e-08	1.866020e-08	1.890780e-08
1.681616e-08	1.707032e-08	1.732448e-08	1.757864e-08	1.783280e-08	1.808696e-08	1.834112e-08	1.859528e-08	1.884944e-08
1.685734e-08	1.704918e-08	1.724102e-08	1.743286e-08	1.762470e-08	1.781654e-08	1.800838e-08	1.820022e-08	1.839206e-08
1.685754e-08	1.705588e-08	1.725422e-08	1.745256e-08	1.765090e-08	1.784924e-08	1.804758e-08	1.824592e-08	1.844426e-08
1.662798e-08	1.682286e-08	1.701774e-08	1.721262e-08	1.740750e-08	1.760238e-08	1.779726e-08	1.799214e-08	1.818702e-08
1.676952e-08	1.697504e-08	1.718056e-08	1.738608e-08	1.759160e-08	1.779712e-08	1.800264e-08	1.820816e-08	1.841368e-08
1.631903e-08	1.654906e-08	1.677909e-08	1.700912e-08	1.723915e-08	1.746918e-08	1.769921e-08	1.792924e-08	1.815927e-08
1.657099e-08	1.678138e-08	1.699177e-08	1.720216e-08	1.741255e-08	1.762294e-08	1.783333e-08	1.804372e-08	1.825411e-08
1.625867e-08	1.647414e-08	1.668961e-08	1.690508e-08	1.712055e-08	1.733602e-08	1.755149e-08	1.776696e-08	1.798243e-08
1.621455e-08	1.643250e-08	1.665045e-08	1.686840e-08	1.708635e-08	1.730430e-08	1.752225e-08	1.774020e-08	1.795815e-08
1.605587e-08	1.630424e-08	1.655261e-08	1.680098e-08	1.704935e-08	1.729772e-08	1.754609e-08	1.779446e-08	1.804283e-08
1.636605e-08	1.659610e-08	1.682615e-08	1.705620e-08	1.728625e-08	1.751630e-08	1.774635e-08	1.797640e-08	1.820645e-08
1.611539e-08	1.637338e-08	1.663137e-08	1.688936e-08	1.714735e-08	1.740534e-08	1.766333e-08	1.792132e-08	1.817931e-08
1.589381e-08	1.614372e-08	1.639363e-08	1.664354e-08	1.689345e-08	1.714336e-08	1.739327e-08	1.764318e-08	1.789309e-08
1.620541e-08	1.636332e-08	1.652123e-08	1.667914e-08	1.683705e-08	1.699496e-08	1.715287e-08	1.731078e-08	1.746869e-08
1.567463e-08	1.588916e-08	1.610369e-08	1.631822e-08	1.653275e-08	1.674728e-08	1.696181e-08	1.717634e-08	1.739087e-08
1.581867e-08	1.602154e-08	1.622441e-08	1.642728e-08	1.663015e-08	1.683302e-08	1.703589e-08	1.723876e-08	1.744163e-08
1.551023e-08	1.572796e-08	1.594569e-08	1.616342e-08	1.638115e-08	1.659888e-08	1.681661e-08	1.703434e-08	1.725207e-08
1.568924e-08	1.587058e-08	1.605192e-08	1.623326e-08	1.641460e-08	1.659594e-08	1.677728e-08	1.695862e-08	1.713996e-08
1.517689e-08	1.543048e-08	1.568407e-08	1.593766e-08	1.619125e-08	1.644484e-08	1.669843e-08	1.695202e-08	1.720561e-08
1.533869e-08	1.553948e-08	1.574027e-08	1.594106e-08	1.614185e-08	1.634264e-08	1.654343e-08	1.674422e-08	1.694501e-08
1.533109e-08	1.556068e-08	1.579027e-08	1.601986e-08	1.624945e-08	1.647904e-08	1.670863e-08	1.693822e-08	1.716781e-08
1.527438e-08	1.544786e-08	1.562134e-08	1.579482e-08	1.596830e-08	1.614178e-08	1.631526e-08	1.648874e-08	1.666222e-08
1.555785e-08	1.569850e-08	1.583915e-08	1.597980e-08	1.612045e-08	1.626110e-08	1.640175e-08	1.654240e-08	1.668305e-08
1.503791e-08	1.526682e-08	1.549573e-08	1.572464e-08	1.595355e-08	1.618246e-08	1.641137e-08	1.664028e-08	1.686919e-08
1.530531e-08	1.545442e-08	1.560353e-08	1.575264e-08	1.590175e-08	1.605086e-08	1.619997e-08	1.634908e-08	1.649819e-08
1.497994e-08	1.520798e-08	1.543602e-08	1.566406e-08	1.589210e-08	1.612014e-08	1.634818e-08	1.657622e-08	1.680426e-08
1.478943e-08	1.504576e-08	1.530209e-08	1.555842e-08	1.581475e-08	1.607108e-08	1.632741e-08	1.658374e-08	1.684007e-08
1.471961e-08	1.489732e-08	1.507503e-08	1.525274e-08	1.543045e-08	1.560816e-08	1.578587e-08	1.596358e-08	1.614129e-08
1.472588e-08	1.494866e-08	1.517144e-08	1.539422e-08	1.561700e-08	1.583978e-08	1.606256e-08	1.628534e-08	1.650812e-08
1.481443e-08	1.506626e-08	1.531809e-08	1.556992e-08	1.582175e-08	1.607358e-08	1.632541e-08	1.657724e-08	1.682907e-08
1.442991e-08	1.463352e-08	1.483713e-08	1.504074e-08	1.524435e-08	1.544796e-08	1.565157e-08	1.585518e-08	1.605879e-08
1.465052e-08	1.486634e-08	1.508216e-08	1.529798e-08	1.551380e-08	1.572962e-08	1.594544e-08	1.616126e-08	1.637708e-08
1.482800e-08	1.501090e-08	1.519380e-08	1.537670e-08	1.555960e-08	1.574250e-08	1.592540e-08	1.610830e-08	1.629120e-08
1.421362e-08	1.443664e-08	1.465966e-08	1.488268e-08	1.510570e-08	1.532872e-08	1.555174e-08	1.577476e-08	1.599778e-08
1.421478e-08	1.444166e-08	1.466854e-08	1.489542e-08	1.512230e-08	1.534918e-08	1.557606e-08	1.580294e-08	1.602982e-08
1.443738e-08	1.461996e-08	1.480254e-08	1.498512e-08	1.516770e-08	1.535028e-08	1.553286e-08	1.571544e-08	1.589802e-08
1.391564e-08	1.419738e-08	1.447912e-08	1.476086e-08	1.504260e-08	1.532434e-08	1.560608e-08	1.588782e-08	1.616956e-08
1.416444e-08	1.436558e-08	1.456672e-08	1.476786e-08	1.496900e-08	1.517014e-08	1.537128e-08	1.557242e-08	1.577356e-08
1.413749e-08	1.430438e-08	1.447127e-08	1.463816e-08	1.480505e-08	1.497194e-08	1.513883e-08	1.530572e-08	1.547261e-08
1.385888e-08	1.408306e-08	1.430724e-08	1.453142e-08	1.475560e-08	1.497978e-08	1.520396e-08	1.542814e-08	1.565232e-08
1.405330e-08	1.427880e-08	1.450430e-08	1.472980e-08	1.495530e-08	1.518080e-08	1.540630e-08	1.563180e-08	1.585730e-08
1.404213e-08	1.420716e-08	1.437219e-08	1.453722e-08	1.470225e-08	1.486728e-08	1.503231e-08	1.519734e-08	1.536237e-08
1.388482e-08	1.412184e-08	1.435886e-08	1.459588e-08	1.483290e-08	1.506992e-08	1.530694e-08	1.554396e-08	1.578098e-08
1.362141e-08	1.384132e-08	1.406123e-08	1.428114e-08	1.450105e-08	1.472096e-08	1.494087e-08	1.516078e-08	1.538069e-08
1.415019e-08	1.431228e-08	1.447437e-08	1.463646e-08	1.479855e-08	1.496064e-08	1.512273e-08	1.528482e-08	1.544691e-08
1.359265e-08	1.379210e-08	1.399155e-08	1.419100e-08	1.439045e-08	1.458990e-08	1.478935e-08	1.498880e-08	1.518825e-08
1.383215e-08	1.400990e-08	1.418765e-08	1.436540e-08	1.454315e-08	1.472090e-08	1.489865e-08	1.507640e-08	1.525415e-08
1.352811e-08	1.375972e-08	1.399133e-08	1.422294e-08	1.445455e-08	1.468616e-08	1.491777e-08	1.514938e-08	1.538099e-08
1.360013e-08	1.373496e-08	1.386979e-08	1.400462e-08	1.413945e-08	1.427428e-08	1.440911e-08	1.454394e-08	1.467877e-08
1.327046e-08	1.343512e-08	1.359978e-08	1.376444e-08	1.392910e-08	1.409376e-08	1.425842e-08	1.442308e-08	1.458774e-08
1.347565e-08	1.364270e-08	1.380975e-08	1.397680e-08	1.414385e-08	1.431090e-08	1.447795e-08	1.464500e-08	1.481205e-08
1.353368e-08	1.370856e-08	1.388344e-08	1.405832e-08	1.423320e-08	1.440808e-08	1.458296e-08	1.475784e-08	1.493272e-08
1.312958e-08	1.331906e-08	1.350854e-08	1.369802e-08	1.388750e-08	1.407698e-08	1.426646e-08	1.445594e-08	1.464542e-08
1.323067e-08	1.339594e-08	1.356121e-08	1.372648e-08	1.389175e-08	1.405702e-08	1.422229e-08	1.438756e-08	1.455283e-08
1.312345e-08	1.331620e-08	1.350895e-08	1.370170e-08	1.389445e-08	1.408720e-08	1.427995e-08	1.447270e-08	1.466545e-08
1.311253e-08	1.331276e-08	1.351299e-08	1.371322e-08	1.391345e-08	1.411368e-08	1.431391e-08	1.451414e-08	1.471437e-08
1.273542e-08	1.296244e-08	1.318946e-08	1.341648e-08	1.364350e-08	1.387052e-08	1.409754e-08	1.432456e-08	1.455158e-08
1.296940e-08	1.314870e-08	1.332800e-08	1.350730e-08	1.368660e-08	1.386590e-08	1.404520e-08	1.422450e-08	1.440380e-08
1.304172e-08	1.320684e-08	1.337196e-08	1.353708e-08	1.370220e-08	1.386732e-08	1.403244e-08	1.419756e-08	1.436268e-08
1.269344e-08	1.287858e-08	1.306372e-08	1.324886e-08	1.343400e-08	1.361914e-08	1.380428e-08	1.398942e-08	1.417456e-08
1.271665e-08	1.291860e-08	1.312055e-08	1.332250e-08	1.352445e-08	1.372640e-08	1.392835e-08	1.413030e-08	1.433225e-08
1.270492e-08	1.293104e-08	1.315716e-08	1.338328e-08	1.360940e-08	1.383552e-08	1.406164e-08	1.428776e-08	1.451388e-08
1.270962e-08	1.291274e-08	1.311586e-08	1.331898e-08	1.352210e-08	1.372522e-08	1.392834e-08	1.413146e-08	1.433458e-08
1.258919e-08	1.279578e-08	1.300237e-08	1.320896e-08	1.341555e-08	1.362214e-08	1.382873e-08	1.403532e-08	1.424191e-08
1.260602e-08	1.280924e-08	1.301246e-08	1.321568e-08	1.341890e-08	1.362212e-08	1.382534e-08	1.402856e-08	1.423178e-08
1.253891e-08	1.272882e-08	1.291873e-08	1.310864e-08	1.329855e-08	1.348846e-08	1.367837e-08	1.386828e-08	1.405819e-08
1.254928e-08	1.270156e-08	1.285384e-08	1.300612e-08	1.315840e-08	1.331068e-08	1.346296e-08	1.361524e-08	1.376752e-08
1.251755e-08	1.268540e-08	1.285325e-08	1.302110e-08	1.318895e-08	1.335680e-08	1.352465e-08	1.369250e-08	1.386035e-08
1.230400e-08	1.249400e-08	1.268400e-08	1.287400e-08	1.306400e-08	1.325400e-08	1.344400e-08	1.363400e-08	1.382400e-08
1.238251e-08	1.253782e-08	1.269313e-08	1.284844e-08	1.300375e-08	1.315906e-08	1.331437e-08	1.346968e-08	1.362499e-08
1.197332e-08	1.217774e-08	1.238216e-08	1.258658e-08	1.279100e-08	1.299542e-08	1.319984e-08	1.340426e-08	1.360868e-08
1.228079e-08	1.245198e-08	1.262317e-08	1.279436e-08	1.296555e-08	1.313674e-08	1.330793e-08	1.347912e-08	1.365031e-08
1.218103e-08	1.236506e-08	1.254909e-08	1.273312e-08	1.291715e-08	1.310118e-08	1.328521e-08	1.346924e-08	1.365327e-08
1.204281e-08	1.221812e-08	1.239343e-08	1.256874e-08	1.274405e-08	1.291936e-08	1.309467e-08	1.326998e-08	1.344529e-08
1.195275e-08	1.216610e-08	1.237945e-08	1.259280e-08	1.280615e-08	1.301950e-08	1.323285e-08	1.344620e-08	1.365955e-08
1.190826e-08	1.209132e-08	1.227438e-08	1.245744e-08	1.264050e-08	1.282356e-08	1.300662e-08	1.318968e-08	1.337274e-08
1.192734e-08	1.214148e-08	1.235562e-08	1.256976e-08	1.278390e-08	1.299804e-08	1.321218e-08	1.342632e-08	1.364046e-08
1.210701e-08	1.223292e-08	1.235883e-08	1.248474e-08	1.261065e-08	1.273656e-08	1.286247e-08	1.298838e-08	1.311429e-08
1.191886e-08	1.208522e-08	1.225158e-08	1.241794e-08	1.258430e-08	1.275066e-08	1.291702e-08	1.308338e-08	1.324974e-08
1.182943e-08	1.198516e-08	1.214089e-08	1.229662e-08	1.245235e-08	1.260808e-08	1.276381e-08	1.291954e-08	1.307527e-08
1.148735e-08	1.170590e-08	1.192445e-08	1.214300e-08	1.236155e-08	1.258010e-08	1.279865e-08	1.301720e-08	1.323575e-08
1.173080e-08	1.189970e-08	1.206860e-08	1.223750e-08	1.240640e-08	1.257530e-08	1.274420e-08	1.291310e-08	1.308200e-08
1.178575e-08	1.196590e-08	1.214605e-08	1.232620e-08	1.250635e-08	1.268650e-08	1.286665e-08	1.304680e-08	1.322695e-08
1.156357e-08	1.172404e-08	1.188451e-08	1.204498e-08	1.220545e-08	1.236592e-08	1.252639e-08	1.268686e-08	1.284733e-08
1.160682e-08	1.179454e-08	1.198226e-08	1.216998e-08	1.235770e-08	1.254542e-08	1.273314e-08	1.292086e-08	1.310858e-08
1.120045e-08	1.140230e-08	1.160415e-08	1.180600e-08	1.200785e-08	1.220970e-08	1.241155e-08	1.261340e-08	1.281525e-08
1.143240e-08	1.161840e-08	1.180440e-08	1.199040e-08	1.217640e-08	1.236240e-08	1.254840e-08	1.273440e-08	1.292040e-08
1.144352e-08	1.162224e-08	1.180096e-08	1.197968e-08	1.215840e-08	1.233712e-08	1.251584e-08	1.269456e-08	1.287328e-08
1.128712e-08	1.147594e-08	1.166476e-08	1.185358e-08	1.204240e-08	1.223122e-08	1.242004e-08	1.260886e-08	1.279768e-08
1.136290e-08	1.151990e-08	1.167690e-08	1.183390e-08	1.199090e-08	1.214790e-08	1.230490e-08	1.246190e-08	1.261890e-08
1.104073e-08	1.124036e-08	1.143999e-08	1.163962e-08	1.183925e-08	1.203888e-08	1.223851e-08	1.243814e-08	1.263777e-08
1.123101e-08	1.140232e-08	1.157363e-08	1.174494e-08	1.191625e-08	1.208756e-08	1.225887e-08	1.243018e-08	1.260149e-08
1.116836e-08	1.130512e-08	1.144188e-08	1.157864e-08	1.171540e-08	1.185216e-08	1.198892e-08	1.212568e-08	1.226244e-08
1.103206e-08	1.119012e-08	1.134818e-08	1.150624e-08	1.166430e-08	1.182236e-08	1.198042e-08	1.213848e-08	1.229654e-08
1.089576e-08	1.109792e-08	1.130008e-08	1.150224e-08	1.170440e-08	1.190656e-08	1.210872e-08	1.231088e-08	1.251304e-08
1.116836e-08	1.134382e-08	1.151928e-08	1.169474e-08	1.187020e-08	1.204566e-08	1.222112e-08	1.239658e-08	1.257204e-08
1.090564e-08	1.108268e-08	1.125972e-08	1.143676e-08	1.161380e-08	1.179084e-08	1.196788e-08	1.214492e-08	1.232196e-08
1.085957e-08	1.102994e-08	1.120031e-08	1.137068e-08	1.154105e-08	1.171142e-08	1.188179e-08	1.205216e-08	1.222253e-08
1.062823e-08	1.080506e-08	1.098189e-08	1.115872e-08	1.133555e-08	1.151238e-08	1.168921e-08	1.186604e-08	1.204287e-08
1.099587e-08	1.116134e-08	1.132681e-08	1.149228e-08	1.165775e-08	1.182322e-08	1.198869e-08	1.215416e-08	1.231963e-08
1.072363e-08	1.087656e-08	1.102949e-08	1.118242e-08	1.133535e-08	1.148828e-08	1.164121e-08	1.179414e-08	1.194707e-08
1.063196e-08	1.084032e-08	1.104868e-08	1.125704e-08	1.146540e-08	1.167376e-08	1.188212e-08	1.209048e-08	1.229884e-08
1.056846e-08	1.075152e-08	1.093458e-08	1.111764e-08	1.130070e-08	1.148376e-08	1.166682e-08	1.184988e-08	1.203294e-08
1.076785e-08	1.091480e-08	1.106175e-08	1.120870e-08	1.135565e-08	1.150260e-08	1.164955e-08	1.179650e-08	1.194345e-08
1.049496e-08	1.063772e-08	1.078048e-08	1.092324e-08	1.106600e-08	1.120876e-08	1.135152e-08	1.149428e-08	1.163704e-08
1.052661e-08	1.071932e-08	1.091203e-08	1.110474e-08	1.129745e-08	1.149016e-08	1.168287e-08	1.187558e-08	1.206829e-08
1.034803e-08	1.049826e-08	1.064849e-08	1.079872e-08	1.094895e-08	1.109918e-08	1.124941e-08	1.139964e-08	1.154987e-08
1.067287e-08	1.080004e-08	1.092721e-08	1.105438e-08	1.118155e-08	1.130872e-08	1.143589e-08	1.156306e-08	1.169023e-08
1.038043e-08	1.051996e-08	1.065949e-08	1.079902e-08	1.093855e-08	1.107808e-08	1.121761e-08	1.135714e-08	1.149667e-08
1.038170e-08	1.055040e-08	1.071910e-08	1.088780e-08	1.105650e-08	1.122520e-08	1.139390e-08	1.156260e-08	1.173130e-08
1.032036e-08	1.047112e-08	1.062188e-08	1.077264e-08	1.092340e-08	1.107416e-08	1.122492e-08	1.137568e-08	1.152644e-08
1.014099e-08	1.030863e-08	1.047628e-08	1.064392e-08	1.081157e-08	1.097922e-08	1.114686e-08	1.131451e-08	1.148215e-08
1.024023e-08	1.039496e-08	1.054969e-08	1.070442e-08	1.085915e-08	1.101388e-08	1.116861e-08	1.132334e-08	1.147807e-08
1.025482e-08	1.037254e-08	1.049026e-08	1.060798e-08	1.072570e-08	1.084342e-08	1.096114e-08	1.107886e-08	1.119658e-08
1.010367e-08	1.027834e-08	1.045301e-08	1.062768e-08	1.080235e-08	1.097702e-08	1.115169e-08	1.132636e-08	1.150103e-08
9.948079e-09	1.011715e-08	1.028622e-08	1.045529e-08	1.062436e-08	1.079342e-08	1.096249e-08	1.113156e-08	1.130063e-08
1.007418e-08	1.022300e-08	1.037183e-08	1.052065e-08	1.066948e-08	1.081830e-08	1.096713e-08	1.111595e-08	1.126477e-08
1.014693e-08	1.030500e-08	1.046306e-08	1.062112e-08	1.077918e-08	1.093725e-08	1.109531e-08	1.125337e-08	1.141144e-08
9.920521e-09	1.004965e-08	1.017878e-08	1.030791e-08	1.043705e-08	1.056618e-08	1.069531e-08	1.082444e-08	1.095357e-08
9.987197e-09	1.016376e-08	1.034033e-08	1.051690e-08	1.069347e-08	1.087003e-08	1.104660e-08	1.122317e-08	1.139973e-08
9.958517e-09	1.013550e-08	1.031249e-08	1.048948e-08	1.066647e-08	1.084345e-08	1.102044e-08	1.119743e-08	1.137441e-08
9.972207e-09	1.014388e-08	1.031556e-08	1.048724e-08	1.065891e-08	1.083059e-08	1.100227e-08	1.117395e-08	1.134562e-08
1.000089e-08	1.017238e-08	1.034387e-08	1.051536e-08	1.068685e-08	1.085834e-08	1.102983e-08	1.120132e-08	1.137281e-08
9.795281e-09	9.932172e-09	1.006906e-08	1.020595e-08	1.034284e-08	1.047974e-08	1.061663e-08	1.075352e-08	1.089041e-08
9.675735e-09	9.845920e-09	1.001611e-08	1.018629e-08	1.035647e-08	1.052666e-08	1.069684e-08	1.086703e-08	1.103722e-08
9.399483e-09	9.569096e-09	9.738709e-09	9.908322e-09	1.007794e-08	1.024755e-08	1.041716e-08	1.058677e-08	1.075639e-08
9.605574e-09	9.776488e-09	9.947402e-09	1.011832e-08	1.028923e-08	1.046014e-08	1.063106e-08	1.080197e-08	1.097289e-08
9.533935e-09	9.662320e-09	9.790705e-09	9.919090e-09	1.004747e-08	1.017586e-08	1.030425e-08	1.043263e-08	1.056102e-08
9.679286e-09	9.819432e-09	9.959578e-09	1.009972e-08	1.023987e-08	1.038002e-08	1.052016e-08	1.066031e-08	1.080045e-08
9.314604e-09	9.486048e-09	9.657492e-09	9.828936e-09	1.000038e-08	1.017182e-08	1.034327e-08	1.051471e-08	1.068616e-08
9.450386e-09	9.585632e-09	9.720878e-09	9.856124e-09	9.991370e-09	1.012662e-08	1.026186e-08	1.039711e-08	1.053235e-08
9.462007e-09	9.623784e-09	9.785561e-09	9.947338e-09	1.010911e-08	1.027089e-08	1.043267e-08	1.059445e-08	1.075622e-08
9.212591e-09	9.373592e-09	9.534593e-09	9.695594e-09	9.856595e-09	1.001760e-08	1.017860e-08	1.033960e-08	1.050060e-08
9.383238e-09	9.532156e-09	9.681074e-09	9.829992e-09	9.978910e-09	1.012783e-08	1.027675e-08	1.042566e-08	1.057458e-08
9.384640e-09	9.538280e-09	9.691920e-09	9.845560e-09	9.999200e-09	1.015284e-08	1.030648e-08	1.046012e-08	1.061376e-08
9.277589e-09	9.417168e-09	9.556747e-09	9.696326e-09	9.835905e-09	9.975484e-09	1.011506e-08	1.025464e-08	1.039422e-08
9.246129e-09	9.418848e-09	9.591567e-09	9.764286e-09	9.937005e-09	1.010972e-08	1.028244e-08	1.045516e-08	1.062788e-08
9.196470e-09	9.353040e-09	9.509610e-09	9.666180e-09	9.822750e-09	9.979320e-09	1.013589e-08	1.029246e-08	1.044903e-08
9.193164e-09	9.334868e-09	9.476572e-09	9.618276e-09	9.759980e-09	9.901684e-09	1.004339e-08	1.018509e-08	1.032680e-08
9.030666e-09	9.199892e-09	9.369118e-09	9.538344e-09	9.707570e-09	9.876796e-09	1.004602e-08	1.021525e-08	1.038447e-08
8.892996e-09	9.072552e-09	9.252108e-09	9.431664e-09	9.611220e-09	9.790776e-09	9.970332e-09	1.014989e-08	1.032944e-08
8.971676e-09	9.116912e-09	9.262148e-09	9.407384e-09	9.552620e-09	9.697856e-09	9.843092e-09	9.988328e-09	1.013356e-08
9.095213e-09	9.246656e-09	9.398099e-09	9.549542e-09	9.700985e-09	9.852428e-09	1.000387e-08	1.015531e-08	1.030676e-08
8.855039e-09	9.024168e-09	9.193297e-09	9.362426e-09	9.531555e-09	9.700684e-09	9.869813e-09	1.003894e-08	1.020807e-08
8.883903e-09	9.008336e-09	9.132769e-09	9.257202e-09	9.381635e-09	9.506068e-09	9.630501e-09	9.754934e-09	9.879367e-09
8.832586e-09	8.991032e-09	9.149478e-09	9.307924e-09	9.466370e-09	9.624816e-09	9.783262e-09	9.941708e-09	1.010015e-08
8.788939e-09	8.947268e-09	9.105597e-09	9.263926e-09	9.422255e-09	9.580584e-09	9.738913e-09	9.897242e-09	1.005557e-08
8.915814e-09	9.053268e-09	9.190722e-09	9.328176e-09	9.465630e-09	9.603084e-09	9.740538e-09	9.877992e-09	1.001545e-08
9.011438e-09	9.146756e-09	9.282074e-09	9.417392e-09	9.552710e-09	9.688028e-09	9.823346e-09	9.958664e-09	1.009398e-08
8.870036e-09	9.008232e-09	9.146428e-09	9.284624e-09	9.422820e-09	9.561016e-09	9.699212e-09	9.837408e-09	9.975604e-09
8.720977e-09	8.853804e-09	8.986631e-09	9.119458e-09	9.252285e-09	9.385112e-09	9.517939e-09	9.650766e-09	9.783593e-09
8.655804e-09	8.821648e-09	8.987492e-09	9.153336e-09	9.319180e-09	9.485024e-09	9.650868e-09	9.816712e-09	9.982556e-09
8.504362e-09	8.682444e-09	8.860526e-09	9.038608e-09	9.216690e-09	9.394772e-09	9.572854e-09	9.750936e-09	9.929018e-09
8.625408e-09	8.791796e-09	8.958184e-09	9.124572e-09	9.290960e-09	9.457348e-09	9.623736e-09	9.790124e-09	9.956512e-09
8.537967e-09	8.701204e-09	8.864441e-09	9.027678e-09	9.190915e-09	9.354152e-09	9.517389e-09	9.680626e-09	9.843863e-09
8.617222e-09	8.774364e-09	8.931506e-09	9.088648e-09	9.245790e-09	9.402932e-09	9.560074e-09	9.717216e-09	9.874358e-09
8.693659e-09	8.791368e-09	8.889077e-09	8.986786e-09	9.084495e-09	9.182204e-09	9.279913e-09	9.377622e-09	9.475331e-09
8.278914e-09	8.433398e-09	8.587882e-09	8.742366e-09	8.896850e-09	9.051334e-09	9.205818e-09	9.360302e-09	9.514786e-09
8.308460e-09	8.487000e-09	8.665540e-09	8.844080e-09	9.022620e-09	9.201160e-09	9.379700e-09	9.558240e-09	9.736780e-09
8.207694e-09	8.361188e-09	8.514682e-09	8.668176e-09	8.821670e-09	8.975164e-09	9.128658e-09	9.282152e-09	9.435646e-09
8.051473e-09	8.215586e-09	8.379699e-09	8.543812e-09	8.707925e-09	8.872038e-09	9.036151e-09	9.200264e-09	9.364377e-09
8.273419e-09	8.440988e-09	8.608557e-09	8.776126e-09	8.943695e-09	9.111264e-09	9.278833e-09	9.446402e-09	9.613971e-09
8.135054e-09	8.274108e-09	8.413162e-09	8.552216e-09	8.691270e-09	8.830324e-09	8.969378e-09	9.108432e-09	9.247486e-09
8.086474e-09	8.218738e-09	8.351002e-09	8.483266e-09	8.615530e-09	8.747794e-09	8.880058e-09	9.012322e-09	9.144586e-09
8.211640e-09	8.353630e-09	8.495620e-09	8.637610e-09	8.779600e-09	8.921590e-09	9.063580e-09	9.205570e-09	9.347560e-09
8.037624e-09	8.224908e-09	8.412192e-09	8.599476e-09	8.786760e-09	8.974044e-09	9.161328e-09	9.348612e-09	9.535896e-09
8.083749e-09	8.268738e-09	8.453727e-09	8.638716e-09	8.823705e-09	9.008694e-09	9.193683e-09	9.378672e-09	9.563661e-09
8.103746e-09	8.247562e-09	8.391378e-09	8.535194e-09	8.679010e-09	8.822826e-09	8.966642e-09	9.110458e-09	9.254274e-09
7.921010e-09	8.067690e-09	8.214370e-09	8.361050e-09	8.507730e-09	8.654410e-09	8.801090e-09	8.947770e-09	9.094450e-09
7.966240e-09	8.112290e-09	8.258340e-09	8.404390e-09	8.550440e-09	8.696490e-09	8.842540e-09	8.988590e-09	9.134640e-09
7.906128e-09	8.027926e-09	8.149724e-09	8.271522e-09	8.393320e-09	8.515118e-09	8.636916e-09	8.758714e-09	8.880512e-09
7.733682e-09	7.895394e-09	8.057106e-09	8.218818e-09	8.380530e-09	8.542242e-09	8.703954e-09	8.865666e-09	9.027378e-09
7.899030e-09	8.050990e-09	8.202950e-09	8.354910e-09	8.506870e-09	8.658830e-09	8.810790e-09	8.962750e-09	9.114710e-09
7.823677e-09	7.984064e-09	8.144451e-09	8.304838e-09	8.465225e-09	8.625612e-09	8.785999e-09	8.946386e-09	9.106773e-09
7.845985e-09	8.007430e-09	8.168875e-09	8.330320e-09	8.491765e-09	8.653210e-09	8.814655e-09	8.976100e-09	9.137545e-09
7.915472e-09	8.042214e-09	8.168956e-09	8.295698e-09	8.422440e-09	8.549182e-09	8.675924e-09	8.802666e-09	8.929408e-09
7.896807e-09	8.028744e-09	8.160681e-09	8.292618e-09	8.424555e-09	8.556492e-09	8.688429e-09	8.820366e-09	8.952303e-09
7.657307e-09	7.807674e-09	7.958041e-09	8.108408e-09	8.258775e-09	8.409142e-09	8.559509e-09	8.709876e-09	8.860243e-09
7.829631e-09	7.958382e-09	8.087133e-09	8.215884e-09	8.344635e-09	8.473386e-09	8.602137e-09	8.730888e-09	8.859639e-09
7.796574e-09	7.908328e-09	8.020082e-09	8.131836e-09	8.243590e-09	8.355344e-09	8.467098e-09	8.578852e-09	8.690606e-09
7.582513e-09	7.748496e-09	7.914479e-09	8.080462e-09	8.246445e-09	8.412428e-09	8.578411e-09	8.744394e-09	8.910377e-09
7.760896e-09	7.906972e-09	8.053048e-09	8.199124e-09	8.345200e-09	8.491276e-09	8.637352e-09	8.783428e-09	8.929504e-09
7.552377e-09	7.712994e-09	7.873611e-09	8.034228e-09	8.194845e-09	8.355462e-09	8.516079e-09	8.676696e-09	8.837313e-09
7.581787e-09	7.724424e-09	7.867061e-09	8.009698e-09	8.152335e-09	8.294972e-09	8.437609e-09	8.580246e-09	8.722883e-09
7.433198e-09	7.582316e-09	7.731434e-09	7.880552e-09	8.029670e-09	8.178788e-09	8.327906e-09	8.477024e-09	8.626142e-09
7.495714e-09	7.638608e-09	7.781502e-09	7.924396e-09	8.067290e-09	8.210184e-09	8.353078e-09	8.495972e-09	8.638866e-09
7.341101e-09	7.527312e-09	7.713523e-09	7.899734e-09	8.085945e-09	8.272156e-09	8.458367e-09	8.644578e-09	8.830789e-09
7.419319e-09	7.590928e-09	7.762537e-09	7.934146e-09	8.105755e-09	8.277364e-09	8.448973e-09	8.620582e-09	8.792191e-09
7.337002e-09	7.488514e-09	7.640026e-09	7.791538e-09	7.943050e-09	8.094562e-09	8.246074e-09	8.397586e-09	8.549098e-09
7.268160e-09	7.416220e-09	7.564280e-09	7.712340e-09	7.860400e-09	8.008460e-09	8.156520e-09	8.304580e-09	8.452640e-09
7.345422e-09	7.441284e-09	7.537146e-09	7.633008e-09	7.728870e-09	7.824732e-09	7.920594e-09	8.016456e-09	8.112318e-09
7.304762e-09	7.447794e-09	7.590826e-09	7.733858e-09	7.876890e-09	8.019922e-09	8.162954e-09	8.305986e-09	8.449018e-09
7.483847e-09	7.595974e-09	7.708101e-09	7.820228e-09	7.932355e-09	8.044482e-09	8.156609e-09	8.268736e-09	8.380863e-09
7.239217e-09	7.367554e-09	7.495891e-09	7.624228e-09	7.752565e-09	7.880902e-09	8.009239e-09	8.137576e-09	8.265913e-09
6.910701e-09	7.083072e-09	7.255443e-09	7.427814e-09	7.600185e-09	7.772556e-09	7.944927e-09	8.117298e-09	8.289669e-09
7.173878e-09	7.319586e-09	7.465294e-09	7.611002e-09	7.756710e-09	7.902418e-09	8.048126e-09	8.193834e-09	8.339542e-09
7.204970e-09	7.314510e-09	7.424050e-09	7.533590e-09	7.643130e-09	7.752670e-09	7.862210e-09	7.971750e-09	8.081290e-09
7.104378e-09	7.257266e-09	7.410154e-09	7.563042e-09	7.715930e-09	7.868818e-09	8.021706e-09	8.174594e-09	8.327482e-09
6.970983e-09	7.128126e-09	7.285269e-09	7.442412e-09	7.599555e-09	7.756698e-09	7.913841e-09	8.070984e-09	8.228127e-09
7.149481e-09	7.254772e-09	7.360063e-09	7.465354e-09	7.570645e-09	7.675936e-09	7.781227e-09	7.886518e-09	7.991809e-09
6.893548e-09	7.043696e-09	7.193844e-09	7.343992e-09	7.494140e-09	7.644288e-09	7.794436e-09	7.944584e-09	8.094732e-09
7.129867e-09	7.267814e-09	7.405761e-09	7.543708e-09	7.681655e-09	7.819602e-09	7.957549e-09	8.095496e-09	8.233443e-09
6.943892e-09	7.091304e-09	7.238716e-09	7.386128e-09	7.533540e-09	7.680952e-09	7.828364e-09	7.975776e-09	8.123188e-09
7.066970e-09	7.200220e-09	7.333470e-09	7.466720e-09	7.599970e-09	7.733220e-09	7.866470e-09	7.999720e-09	8.132970e-09
6.805780e-09	6.937520e-09	7.069260e-09	7.201000e-09	7.332740e-09	7.464480e-09	7.596220e-09	7.727960e-09	7.859700e-09
6.814572e-09	6.963214e-09	7.111856e-09	7.260498e-09	7.409140e-09	7.557782e-09	7.706424e-09	7.855066e-09	8.003708e-09
6.864203e-09	6.995166e-09	7.126129e-09	7.257092e-09	7.388055e-09	7.519018e-09	7.649981e-09	7.780944e-09	7.911907e-09
6.842114e-09	6.977828e-09	7.113542e-09	7.249256e-09	7.384970e-09	7.520684e-09	7.656398e-09	7.792112e-09	7.927826e-09
6.631413e-09	6.792316e-09	6.953219e-09	7.114122e-09	7.275025e-09	7.435928e-09	7.596831e-09	7.757734e-09	7.918637e-09
6.941629e-09	7.072468e-09	7.203307e-09	7.334146e-09	7.464985e-09	7.595824e-09	7.726663e-09	7.857502e-09	7.988341e-09
6.853597e-09	6.956244e-09	7.058891e-09	7.161538e-09	7.264185e-09	7.366832e-09	7.469479e-09	7.572126e-09	7.674773e-09
6.654056e-09	6.777202e-09	6.900348e-09	7.023494e-09	7.146640e-09	7.269786e-09	7.392932e-09	7.516078e-09	7.639224e-09
6.557264e-09	6.728848e-09	6.900432e-09	7.072016e-09	7.243600e-09	7.415184e-09	7.586768e-09	7.758352e-09	7.929936e-09
6.520693e-09	6.663116e-09	6.805539e-09	6.947962e-09	7.090385e-09	7.232808e-09	7.375231e-09	7.517654e-09	7.660077e-09
6.612721e-09	6.762932e-09	6.913143e-09	7.063354e-09	7.213565e-09	7.363776e-09	7.513987e-09	7.664198e-09	7.814409e-09
6.658665e-09	6.796710e-09	6.934755e-09	7.072800e-09	7.210845e-09	7.348890e-09	7.486935e-09	7.624980e-09	7.763025e-09
6.672931e-09	6.799562e-09	6.926193e-09	7.052824e-09	7.179455e-09	7.306086e-09	7.432717e-09	7.559348e-09	7.685979e-09
6.588593e-09	6.728736e-09	6.868879e-09	7.009022e-09	7.149165e-09	7.289308e-09	7.429451e-09	7.569594e-09	7.709737e-09
6.514282e-09	6.626934e-09	6.739586e-09	6.852238e-09	6.964890e-09	7.077542e-09	7.190194e-09	7.302846e-09	7.415498e-09
6.473056e-09	6.588962e-09	6.704868e-09	6.820774e-09	6.936680e-09	7.052586e-09	7.168492e-09	7.284398e-09	7.400304e-09
6.384729e-09	6.528858e-09	6.672987e-09	6.817116e-09	6.961245e-09	7.105374e-09	7.249503e-09	7.393632e-09	7.537761e-09
6.306149e-09	6.454468e-09	6.602787e-09	6.751106e-09	6.899425e-09	7.047744e-09	7.196063e-09	7.344382e-09	7.492701e-09
6.367449e-09	6.495528e-09	6.623607e-09	6.751686e-09	6.879765e-09	7.007844e-09	7.135923e-09	7.264002e-09	7.392081e-09
6.574818e-09	6.694026e-09	6.813234e-09	6.932442e-09	7.051650e-09	7.170858e-09	7.290066e-09	7.409274e-09	7.528482e-09
6.171335e-09	6.316730e-09	6.462125e-09	6.607520e-09	6.752915e-09	6.898310e-09	7.043705e-09	7.189100e-09	7.334495e-09
6.252119e-09	6.392608e-09	6.533097e-09	6.673586e-09	6.814075e-09	6.954564e-09	7.095053e-09	7.235542e-09	7.376031e-09
6.310874e-09	6.442488e-09	6.574102e-09	6.705716e-09	6.837330e-09	6.968944e-09	7.100558e-09	7.232172e-09	7.363786e-09
6.360032e-09	6.514834e-09	6.669636e-09	6.824438e-09	6.979240e-09	7.134042e-09	7.288844e-09	7.443646e-09	7.598448e-09
6.233557e-09	6.361864e-09	6.490171e-09	6.618478e-09	6.746785e-09	6.875092e-09	7.003399e-09	7.131706e-09	7.260013e-09
6.106929e-09	6.258008e-09	6.409087e-09	6.560166e-09	6.711245e-09	6.862324e-09	7.013403e-09	7.164482e-09	7.315561e-09
6.232321e-09	6.369282e-09	6.506243e-09	6.643204e-09	6.780165e-09	6.917126e-09	7.054087e-09	7.191048e-09	7.328009e-09
6.149084e-09	6.304118e-09	6.459152e-09	6.614186e-09	6.769220e-09	6.924254e-09	7.079288e-09	7.234322e-09	7.389356e-09
6.352326e-09	6.450232e-09	6.548138e-09	6.646044e-09	6.743950e-09	6.841856e-09	6.939762e-09	7.037668e-09	7.135574e-09
6.028202e-09	6.185084e-09	6.341966e-09	6.498848e-09	6.655730e-09	6.812612e-09	6.969494e-09	7.126376e-09	7.283258e-09
6.153740e-09	6.292650e-09	6.431560e-09	6.570470e-09	6.709380e-09	6.848290e-09	6.987200e-09	7.126110e-09	7.265020e-09
6.006643e-09	6.149066e-09	6.291489e-09	6.433912e-09	6.576335e-09	6.718758e-09	6.861181e-09	7.003604e-09	7.146027e-09
6.005307e-09	6.117924e-09	6.230541e-09	6.343158e-09	6.455775e-09	6.568392e-09	6.681009e-09	6.793626e-09	6.906243e-09
5.884713e-09	6.033386e-09	6.182059e-09	6.330732e-09	6.479405e-09	6.628078e-09	6.776751e-09	6.925424e-09	7.074097e-09
5.957486e-09	6.080272e-09	6.203058e-09	6.325844e-09	6.448630e-09	6.571416e-09	6.694202e-09	6.816988e-09	6.939774e-09
5.964018e-09	6.075146e-09	6.186274e-09	6.297402e-09	6.408530e-09	6.519658e-09	6.630786e-09	6.741914e-09	6.853042e-09
6.009758e-09	6.133766e-09	6.257774e-09	6.381782e-09	6.505790e-09	6.629798e-09	6.753806e-09	6.877814e-09	7.001822e-09
5.874597e-09	5.990684e-09	6.106771e-09	6.222858e-09	6.338945e-09	6.455032e-09	6.571119e-09	6.687206e-09	6.803293e-09
5.856729e-09	5.972528e-09	6.088327e-09	6.204126e-09	6.319925e-09	6.435724e-09	6.551523e-09	6.667322e-09	6.783121e-09
6.065914e-09	6.197998e-09	6.330082e-09	6.462166e-09	6.594250e-09	6.726334e-09	6.858418e-09	6.990502e-09	7.122586e-09
5.904667e-09	6.001684e-09	6.098701e-09	6.195718e-09	6.292735e-09	6.389752e-09	6.486769e-09	6.583786e-09	6.680803e-09
5.768747e-09	5.904214e-09	6.039681e-09	6.175148e-09	6.310615e-09	6.446082e-09	6.581549e-09	6.717016e-09	6.852483e-09
5.698754e-09	5.862978e-09	6.027202e-09	6.191426e-09	6.355650e-09	6.519874e-09	6.684098e-09	6.848322e-09	7.012546e-09
5.844142e-09	5.966234e-09	6.088326e-09	6.210418e-09	6.332510e-09	6.454602e-09	6.576694e-09	6.698786e-09	6.820878e-09
5.872370e-09	5.979640e-09	6.086910e-09	6.194180e-09	6.301450e-09	6.408720e-09	6.515990e-09	6.623260e-09	6.730530e-09
5.807867e-09	5.913064e-09	6.018261e-09	6.123458e-09	6.228655e-09	6.333852e-09	6.439049e-09	6.544246e-09	6.649443e-09
5.771349e-09	5.879618e-09	5.987887e-09	6.096156e-09	6.204425e-09	6.312694e-09	6.420963e-09	6.529232e-09	6.637501e-09
5.585760e-09	5.708570e-09	5.831380e-09	5.954190e-09	6.077000e-09	6.199810e-09	6.322620e-09	6.445430e-09	6.568240e-09
5.603827e-09	5.749284e-09	5.894741e-09	6.040198e-09	6.185655e-09	6.331112e-09	6.476569e-09	6.622026e-09	6.767483e-09
5.686587e-09	5.831084e-09	5.975581e-09	6.120078e-09	6.264575e-09	6.409072e-09	6.553569e-09	6.698066e-09	6.842563e-09
5.638471e-09	5.776582e-09	5.914693e-09	6.052804e-09	6.190915e-09	6.329026e-09	6.467137e-09	6.605248e-09	6.743359e-09
5.405259e-09	5.527948e-09	5.650637e-09	5.773326e-09	5.896015e-09	6.018704e-09	6.141393e-09	6.264082e-09	6.386771e-09
5.539595e-09	5.649290e-09	5.758985e-09	5.868680e-09	5.978375e-09	6.088070e-09	6.197765e-09	6.307460e-09	6.417155e-09
5.396316e-09	5.527202e-09	5.658088e-09	5.788974e-09	5.919860e-09	6.050746e-09	6.181632e-09	6.312518e-09	6.443404e-09
5.597915e-09	5.730020e-09	5.862125e-09	5.994230e-09	6.126335e-09	6.258440e-09	6.390545e-09	6.522650e-09	6.654755e-09
5.474656e-09	5.602062e-09	5.729468e-09	5.856874e-09	5.984280e-09	6.111686e-09	6.239092e-09	6.366498e-09	6.493904e-09
5.494863e-09	5.604296e-09	5.713729e-09	5.823162e-09	5.932595e-09	6.042028e-09	6.151461e-09	6.260894e-09	6.370327e-09
5.657769e-09	5.788938e-09	5.920107e-09	6.051276e-09	6.182445e-09	6.313614e-09	6.444783e-09	6.575952e-09	6.707121e-09
5.450793e-09	5.577926e-09	5.705059e-09	5.832192e-09	5.959325e-09	6.086458e-09	6.213591e-09	6.340724e-09	6.467857e-09
5.299764e-09	5.419738e-09	5.539712e-09	5.659686e-09	5.779660e-09	5.899634e-09	6.019608e-09	6.139582e-09	6.259556e-09
5.381475e-09	5.472060e-09	5.562645e-09	5.653230e-09	5.743815e-09	5.834400e-09	5.924985e-09	6.015570e-09	6.106155e-09
5.242745e-09	5.372140e-09	5.501535e-09	5.630930e-09	5.760325e-09	5.889720e-09	6.019115e-09	6.148510e-09	6.277905e-09
5.389610e-09	5.494510e-09	5.599410e-09	5.704310e-09	5.809210e-09	5.914110e-09	6.019010e-09	6.123910e-09	6.228810e-09
5.267582e-09	5.375804e-09	5.484026e-09	5.592248e-09	5.700470e-09	5.808692e-09	5.916914e-09	6.025136e-09	6.133358e-09
5.336753e-09	5.469166e-09	5.601579e-09	5.733992e-09	5.866405e-09	5.998818e-09	6.131231e-09	6.263644e-09	6.396057e-09
5.252242e-09	5.349454e-09	5.446666e-09	5.543878e-09	5.641090e-09	5.738302e-09	5.835514e-09	5.932726e-09	6.029938e-09
5.317050e-09	5.428850e-09	5.540650e-09	5.652450e-09	5.764250e-09	5.876050e-09	5.987850e-09	6.099650e-09	6.211450e-09
5.268925e-09	5.377830e-09	5.486735e-09	5.595640e-09	5.704545e-09	5.813450e-09	5.922355e-09	6.031260e-09	6.140165e-09
5.091483e-09	5.232166e-09	5.372849e-09	5.513532e-09	5.654215e-09	5.794898e-09	5.935581e-09	6.076264e-09	6.216947e-09
5.392521e-09	5.504822e-09	5.617123e-09	5.729424e-09	5.841725e-09	5.954026e-09	6.066327e-09	6.178628e-09	6.290929e-09
5.064643e-09	5.190436e-09	5.316229e-09	5.442022e-09	5.567815e-09	5.693608e-09	5.819401e-09	5.945194e-09	6.070987e-09
5.067733e-09	5.180606e-09	5.293479e-09	5.406352e-09	5.519225e-09	5.632098e-09	5.744971e-09	5.857844e-09	5.970717e-09
5.117467e-09	5.232064e-09	5.346661e-09	5.461258e-09	5.575855e-09	5.690452e-09	5.805049e-09	5.919646e-09	6.034243e-09
5.080347e-09	5.178464e-09	5.276581e-09	5.374698e-09	5.472815e-09	5.570932e-09	5.669049e-09	5.767166e-09	5.865283e-09
5.113597e-09	5.233074e-09	5.352551e-09	5.472028e-09	5.591505e-09	5.710982e-09	5.830459e-09	5.949936e-09	6.069413e-09
5.096779e-09	5.246078e-09	5.395377e-09	5.544676e-09	5.693975e-09	5.843274e-09	5.992573e-09	6.141872e-09	6.291171e-09
5.050802e-09	5.150224e-09	5.249646e-09	5.349068e-09	5.448490e-09	5.547912e-09	5.647334e-09	5.746756e-09	5.846178e-09
5.041011e-09	5.161292e-09	5.281573e-09	5.401854e-09	5.522135e-09	5.642416e-09	5.762697e-09	5.882978e-09	6.003259e-09
5.169627e-09	5.261864e-09	5.354101e-09	5.446338e-09	5.538575e-09	5.630812e-09	5.723049e-09	5.815286e-09	5.907523e-09
4.954047e-09	5.078704e-09	5.203361e-09	5.328018e-09	5.452675e-09	5.577332e-09	5.701989e-09	5.826646e-09	5.951303e-09
5.028502e-09	5.129424e-09	5.230346e-09	5.331268e-09	5.432190e-09	5.533112e-09	5.634034e-09	5.734956e-09	5.835878e-09
5.043146e-09	5.143042e-09	5.242938e-09	5.342834e-09	5.442730e-09	5.542626e-09	5.642522e-09	5.742418e-09	5.842314e-09
4.792023e-09	4.906346e-09	5.020669e-09	5.134992e-09	5.249315e-09	5.363638e-09	5.477961e-09	5.592284e-09	5.706607e-09
4.930805e-09	5.024440e-09	5.118075e-09	5.211710e-09	5.305345e-09	5.398980e-09	5.492615e-09	5.586250e-09	5.679885e-09
4.890038e-09	4.997406e-09	5.104774e-09	5.212142e-09	5.319510e-09	5.426878e-09	5.534246e-09	5.641614e-09	5.748982e-09
4.968214e-09	5.064498e-09	5.160782e-09	5.257066e-09	5.353350e-09	5.449634e-09	5.545918e-09	5.642202e-09	5.738486e-09
4.746920e-09	4.851660e-09	4.956400e-09	5.061140e-09	5.165880e-09	5.270620e-09	5.375360e-09	5.480100e-09	5.584840e-09
4.927009e-09	5.043078e-09	5.159147e-09	5.275216e-09	5.391285e-09	5.507354e-09	5.623423e-09	5.739492e-09	5.855561e-09
4.789877e-09	4.915974e-09	5.042071e-09	5.168168e-09	5.294265e-09	5.420362e-09	5.546459e-09	5.672556e-09	5.798653e-09
4.694774e-09	4.813778e-09	4.932782e-09	5.051786e-09	5.170790e-09	5.289794e-09	5.408798e-09	5.527802e-09	5.646806e-09
4.660564e-09	4.779358e-09	4.898152e-09	5.016946e-09	5.135740e-09	5.254534e-09	5.373328e-09	5.492122e-09	5.610916e-09
4.708434e-09	4.835738e-09	4.963042e-09	5.090346e-09	5.217650e-09	5.344954e-09	5.472258e-09	5.599562e-09	5.726866e-09
4.770827e-09	4.884074e-09	4.997321e-09	5.110568e-09	5.223815e-09	5.337062e-09	5.450309e-09	5.563556e-09	5.676803e-09
4.756373e-09	4.860526e-09	4.964679e-09	5.068832e-09	5.172985e-09	5.277138e-09	5.381291e-09	5.485444e-09	5.589597e-09
4.744089e-09	4.836668e-09	4.929247e-09	5.021826e-09	5.114405e-09	5.206984e-09	5.299563e-09	5.392142e-09	5.484721e-09
4.570807e-09	4.708174e-09	4.845541e-09	4.982908e-09	5.120275e-09	5.257642e-09	5.395009e-09	5.532376e-09	5.669743e-09
4.794068e-09	4.906106e-09	5.018144e-09	5.130182e-09	5.242220e-09	5.354258e-09	5.466296e-09	5.578334e-09	5.690372e-09
4.620384e-09	4.737778e-09	4.855172e-09	4.972566e-09	5.089960e-09	5.207354e-09	5.324748e-09	5.442142e-09	5.559536e-09
4.801425e-09	4.899630e-09	4.997835e-09	5.096040e-09	5.194245e-09	5.292450e-09	5.390655e-09	5.488860e-09	5.587065e-09
4.827322e-09	4.935104e-09	5.042886e-09	5.150668e-09	5.258450e-09	5.366232e-09	5.474014e-09	5.581796e-09	5.689578e-09
4.490832e-09	4.595344e-09	4.699856e-09	4.804368e-09	4.908880e-09	5.013392e-09	5.117904e-09	5.222416e-09	5.326928e-09
4.473380e-09	4.584090e-09	4.694800e-09	4.805510e-09	4.916220e-09	5.026930e-09	5.137640e-09	5.248350e-09	5.359060e-09
4.800210e-09	4.892740e-09	4.985270e-09	5.077800e-09	5.170330e-09	5.262860e-09	5.355390e-09	5.447920e-09	5.540450e-09
4.597297e-09	4.682564e-09	4.767831e-09	4.853098e-09	4.938365e-09	5.023632e-09	5.108899e-09	5.194166e-09	5.279433e-09
4.448495e-09	4.558280e-09	4.668065e-09	4.777850e-09	4.887635e-09	4.997420e-09	5.107205e-09	5.216990e-09	5.326775e-09
4.731939e-08	5.097318e-08	5.462697e-08	5.828076e-08	6.193455e-08	6.558834e-08	6.924213e-08	7.289592e-08	7.654971e-08
4.312759e-09	4.435788e-09	4.558817e-09	4.681846e-09	4.804875e-09	4.927904e-09	5.050933e-09	5.173962e-09	5.296991e-09
4.311112e-09	4.436664e-09	4.562216e-09	4.687768e-09	4.813320e-09	4.938872e-09	5.064424e-09	5.189976e-09	5.315528e-09
4.445081e-09	4.566122e-09	4.687163e-09	4.808204e-09	4.929245e-09	5.050286e-09	5.171327e-09	5.292368e-09	5.413409e-09
4.306941e-09	4.404152e-09	4.501363e-09	4.598574e-09	4.695785e-09	4.792996e-09	4.890207e-09	4.987418e-09	5.084629e-09
4.231497e-09	4.365114e-09	4.498731e-09	4.632348e-09	4.765965e-09	4.899582e-09	5.033199e-09	5.166816e-09	5.300433e-09
4.278551e-09	4.386092e-09	4.493633e-09	4.601174e-09	4.708715e-09	4.816256e-09	4.923797e-09	5.031338e-09	5.138879e-09
4.303076e-09	4.406872e-09	4.510668e-09	4.614464e-09	4.718260e-09	4.822056e-09	4.925852e-09	5.029648e-09	5.133444e-09
4.351211e-09	4.438472e-09	4.525733e-09	4.612994e-09	4.700255e-09	4.787516e-09	4.874777e-09	4.962038e-09	5.049299e-09
4.179565e-09	4.267240e-09	4.354915e-09	4.442590e-09	4.530265e-09	4.617940e-09	4.705615e-09	4.793290e-09	4.880965e-09
4.308737e-09	4.403044e-09	4.497351e-09	4.591658e-09	4.685965e-09	4.780272e-09	4.874579e-09	4.968886e-09	5.063193e-09
4.189424e-09	4.293718e-09	4.398012e-09	4.502306e-09	4.606600e-09	4.710894e-09	4.815188e-09	4.919482e-09	5.023776e-09
4.209542e-09	4.312724e-09	4.415906e-09	4.519088e-09	4.622270e-09	4.725452e-09	4.828634e-09	4.931816e-09	5.034998e-09
4.171276e-09	4.279212e-09	4.387148e-09	4.495084e-09	4.603020e-09	4.710956e-09	4.818892e-09	4.926828e-09	5.034764e-09
8.058783e-08	8.670996e-08	9.283209e-08	9.895422e-08	1.050763e-07	1.111985e-07	1.173206e-07	1.234427e-07	1.295649e-07
4.263632e-09	4.348694e-09	4.433756e-09	4.518818e-09	4.603880e-09	4.688942e-09	4.774004e-09	4.859066e-09	4.944128e-09
3.937708e-09	4.070356e-09	4.203004e-09	4.335652e-09	4.468300e-09	4.600948e-09	4.733596e-09	4.866244e-09	4.998892e-09
4.015495e-09	4.146330e-09	4.277165e-09	4.408000e-09	4.538835e-09	4.669670e-09	4.800505e-09	4.931340e-09	5.062175e-09
4.133311e-09	4.236072e-09	4.338833e-09	4.441594e-09	4.544355e-09	4.647116e-09	4.749877e-09	4.852638e-09	4.955399e-09
4.134546e-09	4.237072e-09	4.339598e-09	4.442124e-09	4.544650e-09	4.647176e-09	4.749702e-09	4.852228e-09	4.954754e-09
4.025439e-09	4.104768e-09	4.184097e-09	4.263426e-09	4.342755e-09	4.422084e-09	4.501413e-09	4.580742e-09	4.660071e-09
4.115255e-09	4.195140e-09	4.275025e-09	4.354910e-09	4.434795e-09	4.514680e-09	4.594565e-09	4.674450e-09	4.754335e-09
4.013090e-09	4.108220e-09	4.203350e-09	4.298480e-09	4.393610e-09	4.488740e-09	4.583870e-09	4.679000e-09	4.774130e-09
4.054076e-09	4.155922e-09	4.257768e-09	4.359614e-09	4.461460e-09	4.563306e-09	4.665152e-09	4.766998e-09	4.868844e-09
3.907595e-09	4.024700e-09	4.141805e-09	4.258910e-09	4.376015e-09	4.493120e-09	4.610225e-09	4.727330e-09	4.844435e-09
4.016324e-09	4.111648e-09	4.206972e-09	4.302296e-09	4.397620e-09	4.492944e-09	4.588268e-09	4.683592e-09	4.778916e-09
3.903183e-09	3.988296e-09	4.073409e-09	4.158522e-09	4.243635e-09	4.328748e-09	4.413861e-09	4.498974e-09	4.584087e-09
3.933069e-09	4.028588e-09	4.124107e-09	4.219626e-09	4.315145e-09	4.410664e-09	4.506183e-09	4.601702e-09	4.697221e-09
4.077090e-09	4.150150e-09	4.223210e-09	4.296270e-09	4.369330e-09	4.442390e-09	4.515450e-09	4.588510e-09	4.661570e-09
3.809341e-09	3.912712e-09	4.016083e-09	4.119454e-09	4.222825e-09	4.326196e-09	4.429567e-09	4.532938e-09	4.636309e-09
3.856965e-09	3.948360e-09	4.039755e-09	4.131150e-09	4.222545e-09	4.313940e-09	4.405335e-09	4.496730e-09	4.588125e-09
3.866517e-09	3.982734e-09	4.098951e-09	4.215168e-09	4.331385e-09	4.447602e-09	4.563819e-09	4.680036e-09	4.796253e-09
3.839297e-09	3.938664e-09	4.038031e-09	4.137398e-09	4.236765e-09	4.336132e-09	4.435499e-09	4.534866e-09	4.634233e-09
3.817105e-09	3.937540e-09	4.057975e-09	4.178410e-09	4.298845e-09	4.419280e-09	4.539715e-09	4.660150e-09	4.780585e-09
3.863994e-09	3.948928e-09	4.033862e-09	4.118796e-09	4.203730e-09	4.288664e-09	4.373598e-09	4.458532e-09	4.543466e-09
3.843559e-09	3.958868e-09	4.074177e-09	4.189486e-09	4.304795e-09	4.420104e-09	4.535413e-09	4.650722e-09	4.766031e-09
3.852993e-09	3.991206e-09	4.129419e-09	4.267632e-09	4.405845e-09	4.544058e-09	4.682271e-09	4.820484e-09	4.958697e-09
3.814485e-09	3.907640e-09	4.000795e-09	4.093950e-09	4.187105e-09	4.280260e-09	4.373415e-09	4.466570e-09	4.559725e-09
3.718887e-09	3.838314e-09	3.957741e-09	4.077168e-09	4.196595e-09	4.316022e-09	4.435449e-09	4.554876e-09	4.674303e-09
3.706628e-09	3.800796e-09	3.894964e-09	3.989132e-09	4.083300e-09	4.177468e-09	4.271636e-09	4.365804e-09	4.459972e-09
3.821841e-09	3.904632e-09	3.987423e-09	4.070214e-09	4.153005e-09	4.235796e-09	4.318587e-09	4.401378e-09	4.484169e-09
3.824525e-09	3.919520e-09	4.014515e-09	4.109510e-09	4.204505e-09	4.299500e-09	4.394495e-09	4.489490e-09	4.584485e-09
3.692326e-09	3.813472e-09	3.934618e-09	4.055764e-09	4.176910e-09	4.298056e-09	4.419202e-09	4.540348e-09	4.661494e-09
3.590129e-09	3.703168e-09	3.816207e-09	3.929246e-09	4.042285e-09	4.155324e-09	4.268363e-09	4.381402e-09	4.494441e-09
3.652496e-09	3.741362e-09	3.830228e-09	3.919094e-09	4.007960e-09	4.096826e-09	4.185692e-09	4.274558e-09	4.363424e-09
3.667935e-09	3.761060e-09	3.854185e-09	3.947310e-09	4.040435e-09	4.133560e-09	4.226685e-09	4.319810e-09	4.412935e-09
3.670225e-09	3.761780e-09	3.853335e-09	3.944890e-09	4.036445e-09	4.128000e-09	4.219555e-09	4.311110e-09	4.402665e-09
3.565704e-09	3.680268e-09	3.794832e-09	3.909396e-09	4.023960e-09	4.138524e-09	4.253088e-09	4.367652e-09	4.482216e-09
3.589499e-09	3.687378e-09	3.785257e-09	3.883136e-09	3.981015e-09	4.078894e-09	4.176773e-09	4.274652e-09	4.372531e-09
3.625977e-09	3.713044e-09	3.800111e-09	3.887178e-09	3.974245e-09	4.061312e-09	4.148379e-09	4.235446e-09	4.322513e-09
3.467972e-09	3.569074e-09	3.670176e-09	3.771278e-09	3.872380e-09	3.973482e-09	4.074584e-09	4.175686e-09	4.276788e-09
3.465645e-09	3.544710e-09	3.623775e-09	3.702840e-09	3.781905e-09	3.860970e-09	3.940035e-09	4.019100e-09	4.098165e-09
3.563546e-09	3.645322e-09	3.727098e-09	3.808874e-09	3.890650e-09	3.972426e-09	4.054202e-09	4.135978e-09	4.217754e-09
3.453143e-09	3.565556e-09	3.677969e-09	3.790382e-09	3.902795e-09	4.015208e-09	4.127621e-09	4.240034e-09	4.352447e-09
3.559929e-09	3.662248e-09	3.764567e-09	3.866886e-09	3.969205e-09	4.071524e-09	4.173843e-09	4.276162e-09	4.378481e-09
3.396536e-09	3.496802e-09	3.597068e-09	3.697334e-09	3.797600e-09	3.897866e-09	3.998132e-09	4.098398e-09	4.198664e-09
3.545492e-09	3.636124e-09	3.726756e-09	3.817388e-09	3.908020e-09	3.998652e-09	4.089284e-09	4.179916e-09	4.270548e-09
3.549876e-09	3.645732e-09	3.741588e-09	3.837444e-09	3.933300e-09	4.029156e-09	4.125012e-09	4.220868e-09	4.316724e-09
3.386339e-09	3.477728e-09	3.569117e-09	3.660506e-09	3.751895e-09	3.843284e-09	3.934673e-09	4.026062e-09	4.117451e-09
3.365965e-09	3.451980e-09	3.537995e-09	3.624010e-09	3.710025e-09	3.796040e-09	3.882055e-09	3.968070e-09	4.054085e-09
3.366728e-09	3.478416e-09	3.590104e-09	3.701792e-09	3.813480e-09	3.925168e-09	4.036856e-09	4.148544e-09	4.260232e-09
3.277586e-09	3.392902e-09	3.508218e-09	3.623534e-09	3.738850e-09	3.854166e-09	3.969482e-09	4.084798e-09	4.200114e-09
3.387212e-09	3.482654e-09	3.578096e-09	3.673538e-09	3.768980e-09	3.864422e-09	3.959864e-09	4.055306e-09	4.150748e-09
3.492892e-09	3.583704e-09	3.674516e-09	3.765328e-09	3.856140e-09	3.946952e-09	4.037764e-09	4.128576e-09	4.219388e-09
3.332941e-09	3.426342e-09	3.519743e-09	3.613144e-09	3.706545e-09	3.799946e-09	3.893347e-09	3.986748e-09	4.080149e-09
3.275859e-09	3.379128e-09	3.482397e-09	3.585666e-09	3.688935e-09	3.792204e-09	3.895473e-09	3.998742e-09	4.102011e-09
3.291063e-09	3.403496e-09	3.515929e-09	3.628362e-09	3.740795e-09	3.853228e-09	3.965661e-09	4.078094e-09	4.190527e-09
3.348201e-09	3.434132e-09	3.520063e-09	3.605994e-09	3.691925e-09	3.777856e-09	3.863787e-09	3.949718e-09	4.035649e-09
3.255268e-09	3.357256e-09	3.459244e-09	3.561232e-09	3.663220e-09	3.765208e-09	3.867196e-09	3.969184e-09	4.071172e-09
3.308337e-09	3.393674e-09	3.479011e-09	3.564348e-09	3.649685e-09	3.735022e-09	3.820359e-09	3.905696e-09	3.991033e-09
3.140856e-09	3.253622e-09	3.366388e-09	3.479154e-09	3.591920e-09	3.704686e-09	3.817452e-09	3.930218e-09	4.042984e-09
3.248872e-09	3.332784e-09	3.416696e-09	3.500608e-09	3.584520e-09	3.668432e-09	3.752344e-09	3.836256e-09	3.920168e-09
3.169661e-09	3.277542e-09	3.385423e-09	3.493304e-09	3.601185e-09	3.709066e-09	3.816947e-09	3.924828e-09	4.032709e-09
3.308848e-09	3.407156e-09	3.505464e-09	3.603772e-09	3.702080e-09	3.800388e-09	3.898696e-09	3.997004e-09	4.095312e-09
3.218267e-09	3.321434e-09	3.424601e-09	3.527768e-09	3.630935e-09	3.734102e-09	3.837269e-09	3.940436e-09	4.043603e-09
3.084394e-09	3.178048e-09	3.271702e-09	3.365356e-09	3.459010e-09	3.552664e-09	3.646318e-09	3.739972e-09	3.833626e-09
3.135275e-09	3.224500e-09	3.313725e-09	3.402950e-09	3.492175e-09	3.581400e-09	3.670625e-09	3.759850e-09	3.849075e-09
3.201307e-09	3.298524e-09	3.395741e-09	3.492958e-09	3.590175e-09	3.687392e-09	3.784609e-09	3.881826e-09	3.979043e-09
3.144366e-09	3.248612e-09	3.352858e-09	3.457104e-09	3.561350e-09	3.665596e-09	3.769842e-09	3.874088e-09	3.978334e-09
3.036904e-09	3.152478e-09	3.268052e-09	3.383626e-09	3.499200e-09	3.614774e-09	3.730348e-09	3.845922e-09	3.961496e-09
3.151758e-09	3.248926e-09	3.346094e-09	3.443262e-09	3.540430e-09	3.637598e-09	3.734766e-09	3.831934e-09	3.929102e-09
3.188744e-09	3.273748e-09	3.358752e-09	3.443756e-09	3.528760e-09	3.613764e-09	3.698768e-09	3.783772e-09	3.868776e-09
3.141395e-09	3.237720e-09	3.334045e-09	3.430370e-09	3.526695e-09	3.623020e-09	3.719345e-09	3.815670e-09	3.911995e-09
3.096363e-09	3.195246e-09	3.294129e-09	3.393012e-09	3.491895e-09	3.590778e-09	3.689661e-09	3.788544e-09	3.887427e-09
3.048875e-09	3.142770e-09	3.236665e-09	3.330560e-09	3.424455e-09	3.518350e-09	3.612245e-09	3.706140e-09	3.800035e-09
3.158013e-09	3.224556e-09	3.291099e-09	3.357642e-09	3.424185e-09	3.490728e-09	3.557271e-09	3.623814e-09	3.690357e-09
3.193639e-09	3.266288e-09	3.338937e-09	3.411586e-09	3.484235e-09	3.556884e-09	3.629533e-09	3.702182e-09	3.774831e-09
3.066156e-09	3.160572e-09	3.254988e-09	3.349404e-09	3.443820e-09	3.538236e-09	3.632652e-09	3.727068e-09	3.821484e-09
2.953805e-09	3.060430e-09	3.167055e-09	3.273680e-09	3.380305e-09	3.486930e-09	3.593555e-09	3.700180e-09	3.806805e-09
2.931760e-09	3.037380e-09	3.143000e-09	3.248620e-09	3.354240e-09	3.459860e-09	3.565480e-09	3.671100e-09	3.776720e-09
1.133944e-08	1.214818e-08	1.295692e-08	1.376566e-08	1.457440e-08	1.538314e-08	1.619188e-08	1.700062e-08	1.780936e-08
2.947794e-09	3.020058e-09	3.092322e-09	3.164586e-09	3.236850e-09	3.309114e-09	3.381378e-09	3.453642e-09	3.525906e-09
3.015856e-09	3.093212e-09	3.170568e-09	3.247924e-09	3.325280e-09	3.402636e-09	3.479992e-09	3.557348e-09	3.634704e-09
1.986322e-08	2.122044e-08	2.257766e-08	2.393488e-08	2.529210e-08	2.664932e-08	2.800654e-08	2.936376e-08	3.072098e-08
2.997172e-09	3.060954e-09	3.124736e-09	3.188518e-09	3.252300e-09	3.316082e-09	3.379864e-09	3.443646e-09	3.507428e-09
2.959781e-09	3.037602e-09	3.115423e-09	3.193244e-09	3.271065e-09	3.348886e-09	3.426707e-09	3.504528e-09	3.582349e-09
2.881654e-09	2.983358e-09	3.085062e-09	3.186766e-09	3.288470e-09	3.390174e-09	3.491878e-09	3.593582e-09	3.695286e-09
2.991850e-09	3.100120e-09	3.208390e-09	3.316660e-09	3.424930e-09	3.533200e-09	3.641470e-09	3.749740e-09	3.858010e-09
2.935121e-09	3.036772e-09	3.138423e-09	3.240074e-09	3.341725e-09	3.443376e-09	3.545027e-09	3.646678e-09	3.748329e-09
2.830375e-09	2.910060e-09	2.989745e-09	3.069430e-09	3.149115e-09	3.228800e-09	3.308485e-09	3.388170e-09	3.467855e-09
2.886631e-09	2.959332e-09	3.032033e-09	3.104734e-09	3.177435e-09	3.250136e-09	3.322837e-09	3.395538e-09	3.468239e-09
2.761078e-09	2.861326e-09	2.961574e-09	3.061822e-09	3.162070e-09	3.262318e-09	3.362566e-09	3.462814e-09	3.563062e-09
2.689428e-09	2.798646e-09	2.907864e-09	3.017082e-09	3.126300e-09	3.235518e-09	3.344736e-09	3.453954e-09	3.563172e-09
2.804189e-09	2.888538e-09	2.972887e-09	3.057236e-09	3.141585e-09	3.225934e-09	3.310283e-09	3.394632e-09	3.478981e-09
2.931847e-09	3.016524e-09	3.101201e-09	3.185878e-09	3.270555e-09	3.355232e-09	3.439909e-09	3.524586e-09	3.609263e-09
2.641201e-09	2.736532e-09	2.831863e-09	2.927194e-09	3.022525e-09	3.117856e-09	3.213187e-09	3.308518e-09	3.403849e-09
2.689021e-09	2.800482e-09	2.911943e-09	3.023404e-09	3.134865e-09	3.246326e-09	3.357787e-09	3.469248e-09	3.580709e-09
2.639613e-09	2.747626e-09	2.855639e-09	2.963652e-09	3.071665e-09	3.179678e-09	3.287691e-09	3.395704e-09	3.503717e-09
2.683759e-09	2.766978e-09	2.850197e-09	2.933416e-09	3.016635e-09	3.099854e-09	3.183073e-09	3.266292e-09	3.349511e-09
2.803397e-09	2.882994e-09	2.962591e-09	3.042188e-09	3.121785e-09	3.201382e-09	3.280979e-09	3.360576e-09	3.440173e-09
2.711804e-09	2.796998e-09	2.882192e-09	2.967386e-09	3.052580e-09	3.137774e-09	3.222968e-09	3.308162e-09	3.393356e-09
2.688379e-09	2.781408e-09	2.874437e-09	2.967466e-09	3.060495e-09	3.153524e-09	3.246553e-09	3.339582e-09	3.432611e-09
2.715624e-09	2.794328e-09	2.873032e-09	2.951736e-09	3.030440e-09	3.109144e-09	3.187848e-09	3.266552e-09	3.345256e-09
7.844607e-09	8.420584e-09	8.996561e-09	9.572538e-09	1.014851e-08	1.072449e-08	1.130047e-08	1.187645e-08	1.245242e-08
2.565869e-09	2.662878e-09	2.759887e-09	2.856896e-09	2.953905e-09	3.050914e-09	3.147923e-09	3.244932e-09	3.341941e-09
2.701479e-09	2.817648e-09	2.933817e-09	3.049986e-09	3.166155e-09	3.282324e-09	3.398493e-09	3.514662e-09	3.630831e-09
2.610561e-09	2.702812e-09	2.795063e-09	2.887314e-09	2.979565e-09	3.071816e-09	3.164067e-09	3.256318e-09	3.348569e-09
4.083819e-09	4.261348e-09	4.438877e-09	4.616406e-09	4.793935e-09	4.971464e-09	5.148993e-09	5.326522e-09	5.504051e-09
2.415002e-09	2.506474e-09	2.597946e-09	2.689418e-09	2.780890e-09	2.872362e-09	2.963834e-09	3.055306e-09	3.146778e-09
2.628052e-09	2.713664e-09	2.799276e-09	2.884888e-09	2.970500e-09	3.056112e-09	3.141724e-09	3.227336e-09	3.312948e-09
2.418587e-09	2.508184e-09	2.597781e-09	2.687378e-09	2.776975e-09	2.866572e-09	2.956169e-09	3.045766e-09	3.135363e-09
2.476022e-09	2.563104e-09	2.650186e-09	2.737268e-09	2.824350e-09	2.911432e-09	2.998514e-09	3.085596e-09	3.172678e-09
2.457223e-09	2.525896e-09	2.594569e-09	2.663242e-09	2.731915e-09	2.800588e-09	2.869261e-09	2.937934e-09	3.006607e-09
2.499849e-09	2.576418e-09	2.652987e-09	2.729556e-09	2.806125e-09	2.882694e-09	2.959263e-09	3.035832e-09	3.112401e-09
2.349628e-09	2.446746e-09	2.543864e-09	2.640982e-09	2.738100e-09	2.835218e-09	2.932336e-09	3.029454e-09	3.126572e-09
2.400409e-09	2.492788e-09	2.585167e-09	2.677546e-09	2.769925e-09	2.862304e-09	2.954683e-09	3.047062e-09	3.139441e-09
2.527436e-09	2.585682e-09	2.643928e-09	2.702174e-09	2.760420e-09	2.818666e-09	2.876912e-09	2.935158e-09	2.993404e-09
2.482732e-09	2.574674e-09	2.666616e-09	2.758558e-09	2.850500e-09	2.942442e-09	3.034384e-09	3.126326e-09	3.218268e-09
2.364412e-09	2.443464e-09	2.522516e-09	2.601568e-09	2.680620e-09	2.759672e-09	2.838724e-09	2.917776e-09	2.996828e-09
2.354865e-09	2.429270e-09	2.503675e-09	2.578080e-09	2.652485e-09	2.726890e-09	2.801295e-09	2.875700e-09	2.950105e-09
2.338651e-09	2.421252e-09	2.503853e-09	2.586454e-09	2.669055e-09	2.751656e-09	2.834257e-09	2.916858e-09	2.999459e-09
2.325625e-09	2.420080e-09	2.514535e-09	2.608990e-09	2.703445e-09	2.797900e-09	2.892355e-09	2.986810e-09	3.081265e-09
2.267262e-09	2.346754e-09	2.426246e-09	2.505738e-09	2.585230e-09	2.664722e-09	2.744214e-09	2.823706e-09	2.903198e-09
2.389824e-09	2.477718e-09	2.565612e-09	2.653506e-09	2.741400e-09	2.829294e-09	2.917188e-09	3.005082e-09	3.092976e-09
2.317850e-09	2.386940e-09	2.456030e-09	2.525120e-09	2.594210e-09	2.663300e-09	2.732390e-09	2.801480e-09	2.870570e-09
2.327881e-09	2.407302e-09	2.486723e-09	2.566144e-09	2.645565e-09	2.724986e-09	2.804407e-09	2.883828e-09	2.963249e-09
2.202858e-09	2.294016e-09	2.385174e-09	2.476332e-09	2.567490e-09	2.658648e-09	2.749806e-09	2.840964e-09	2.932122e-09
2.300680e-09	2.371830e-09	2.442980e-09	2.514130e-09	2.585280e-09	2.656430e-09	2.727580e-09	2.798730e-09	2.869880e-09
2.317239e-09	2.404218e-09	2.491197e-09	2.578176e-09	2.665155e-09	2.752134e-09	2.839113e-09	2.926092e-09	3.013071e-09
2.224880e-09	2.303460e-09	2.382040e-09	2.460620e-09	2.539200e-09	2.617780e-09	2.696360e-09	2.774940e-09	2.853520e-09
2.243269e-09	2.317168e-09	2.391067e-09	2.464966e-09	2.538865e-09	2.612764e-09	2.686663e-09	2.760562e-09	2.834461e-09
2.297475e-09	2.367910e-09	2.438345e-09	2.508780e-09	2.579215e-09	2.649650e-09	2.720085e-09	2.790520e-09	2.860955e-09
2.279283e-09	2.361066e-09	2.442849e-09	2.524632e-09	2.606415e-09	2.688198e-09	2.769981e-09	2.851764e-09	2.933547e-09
2.153455e-09	2.252500e-09	2.351545e-09	2.450590e-09	2.549635e-09	2.648680e-09	2.747725e-09	2.846770e-09	2.945815e-09
2.142846e-09	2.224822e-09	2.306798e-09	2.388774e-09	2.470750e-09	2.552726e-09	2.634702e-09	2.716678e-09	2.798654e-09
2.119522e-09	2.199744e-09	2.279966e-09	2.360188e-09	2.440410e-09	2.520632e-09	2.600854e-09	2.681076e-09	2.761298e-09
2.160995e-09	2.240400e-09	2.319805e-09	2.399210e-09	2.478615e-09	2.558020e-09	2.637425e-09	2.716830e-09	2.796235e-09
2.129616e-09	2.224162e-09	2.318708e-09	2.413254e-09	2.507800e-09	2.602346e-09	2.696892e-09	2.791438e-09	2.885984e-09
2.102183e-09	2.184166e-09	2.266149e-09	2.348132e-09	2.430115e-09	2.512098e-09	2.594081e-09	2.676064e-09	2.758047e-09
2.119685e-09	2.189090e-09	2.258495e-09	2.327900e-09	2.397305e-09	2.466710e-09	2.536115e-09	2.605520e-09	2.674925e-09
2.075701e-09	2.162872e-09	2.250043e-09	2.337214e-09	2.424385e-09	2.511556e-09	2.598727e-09	2.685898e-09	2.773069e-09
2.150762e-09	2.222374e-09	2.293986e-09	2.365598e-09	2.437210e-09	2.508822e-09	2.580434e-09	2.652046e-09	2.723658e-09
2.085266e-09	2.165832e-09	2.246398e-09	2.326964e-09	2.407530e-09	2.488096e-09	2.568662e-09	2.649228e-09	2.729794e-09
2.095047e-09	2.181324e-09	2.267601e-09	2.353878e-09	2.440155e-09	2.526432e-09	2.612709e-09	2.698986e-09	2.785263e-09
2.036996e-09	2.118132e-09	2.199268e-09	2.280404e-09	2.361540e-09	2.442676e-09	2.523812e-09	2.604948e-09	2.686084e-09
2.095281e-09	2.177792e-09	2.260303e-09	2.342814e-09	2.425325e-09	2.507836e-09	2.590347e-09	2.672858e-09	2.755369e-09
2.098573e-09	2.167906e-09	2.237239e-09	2.306572e-09	2.375905e-09	2.445238e-09	2.514571e-09	2.583904e-09	2.653237e-09
2.174382e-09	2.257834e-09	2.341286e-09	2.424738e-09	2.508190e-09	2.591642e-09	2.675094e-09	2.758546e-09	2.841998e-09
2.028583e-09	2.114976e-09	2.201369e-09	2.287762e-09	2.374155e-09	2.460548e-09	2.546941e-09	2.633334e-09	2.719727e-09
1.994000e-09	2.082740e-09	2.171480e-09	2.260220e-09	2.348960e-09	2.437700e-09	2.526440e-09	2.615180e-09	2.703920e-09
1.946319e-09	2.029798e-09	2.113277e-09	2.196756e-09	2.280235e-09	2.363714e-09	2.447193e-09	2.530672e-09	2.614151e-09
1.993915e-09	2.060420e-09	2.126925e-09	2.193430e-09	2.259935e-09	2.326440e-09	2.392945e-09	2.459450e-09	2.525955e-09
1.932889e-09	2.000098e-09	2.067307e-09	2.134516e-09	2.201725e-09	2.268934e-09	2.336143e-09	2.403352e-09	2.470561e-09
1.821291e-09	1.888892e-09	1.956493e-09	2.024094e-09	2.091695e-09	2.159296e-09	2.226897e-09	2.294498e-09	2.362099e-09
1.951665e-09	2.035970e-09	2.120275e-09	2.204580e-09	2.288885e-09	2.373190e-09	2.457495e-09	2.541800e-09	2.626105e-09
1.932051e-09	2.011152e-09	2.090253e-09	2.169354e-09	2.248455e-09	2.327556e-09	2.406657e-09	2.485758e-09	2.564859e-09
1.920510e-09	2.005730e-09	2.090950e-09	2.176170e-09	2.261390e-09	2.346610e-09	2.431830e-09	2.517050e-09	2.602270e-09
1.980296e-09	2.055862e-09	2.131428e-09	2.206994e-09	2.282560e-09	2.358126e-09	2.433692e-09	2.509258e-09	2.584824e-09
1.864132e-09	1.952754e-09	2.041376e-09	2.129998e-09	2.218620e-09	2.307242e-09	2.395864e-09	2.484486e-09	2.573108e-09
1.875256e-09	1.969292e-09	2.063328e-09	2.157364e-09	2.251400e-09	2.345436e-09	2.439472e-09	2.533508e-09	2.627544e-09
1.974764e-09	2.038498e-09	2.102232e-09	2.165966e-09	2.229700e-09	2.293434e-09	2.357168e-09	2.420902e-09	2.484636e-09
1.923651e-09	1.996632e-09	2.069613e-09	2.142594e-09	2.215575e-09	2.288556e-09	2.361537e-09	2.434518e-09	2.507499e-09
1.901795e-09	1.991740e-09	2.081685e-09	2.171630e-09	2.261575e-09	2.351520e-09	2.441465e-09	2.531410e-09	2.621355e-09
1.886004e-09	1.953998e-09	2.021992e-09	2.089986e-09	2.157980e-09	2.225974e-09	2.293968e-09	2.361962e-09	2.429956e-09
1.885948e-09	1.966086e-09	2.046224e-09	2.126362e-09	2.206500e-09	2.286638e-09	2.366776e-09	2.446914e-09	2.527052e-09
1.759110e-09	1.850880e-09	1.942650e-09	2.034420e-09	2.126190e-09	2.217960e-09	2.309730e-09	2.401500e-09	2.493270e-09
1.701572e-09	1.811974e-09	1.922376e-09	2.032778e-09	2.143180e-09	2.253582e-09	2.363984e-09	2.474386e-09	2.584788e-09
1.753708e-09	1.852276e-09	1.950844e-09	2.049412e-09	2.147980e-09	2.246548e-09	2.345116e-09	2.443684e-09	2.542252e-09
1.785160e-09	1.871280e-09	1.957400e-09	2.043520e-09	2.129640e-09	2.215760e-09	2.301880e-09	2.388000e-09	2.474120e-09
1.773568e-09	1.856536e-09	1.939504e-09	2.022472e-09	2.105440e-09	2.188408e-09	2.271376e-09	2.354344e-09	2.437312e-09
1.820000e-09	1.903450e-09	1.986900e-09	2.070350e-09	2.153800e-09	2.237250e-09	2.320700e-09	2.404150e-09	2.487600e-09
1.760672e-09	1.849014e-09	1.937356e-09	2.025698e-09	2.114040e-09	2.202382e-09	2.290724e-09	2.379066e-09	2.467408e-09
1.752998e-09	1.837156e-09	1.921314e-09	2.005472e-09	2.089630e-09	2.173788e-09	2.257946e-09	2.342104e-09	2.426262e-09
1.718092e-09	1.795044e-09	1.871996e-09	1.948948e-09	2.025900e-09	2.102852e-09	2.179804e-09	2.256756e-09	2.333708e-09
1.662374e-09	1.744598e-09	1.826822e-09	1.909046e-09	1.991270e-09	2.073494e-09	2.155718e-09	2.237942e-09	2.320166e-09
1.692938e-09	1.769066e-09	1.845194e-09	1.921322e-09	1.997450e-09	2.073578e-09	2.149706e-09	2.225834e-09	2.301962e-09
1.728700e-09	1.800980e-09	1.873260e-09	1.945540e-09	2.017820e-09	2.090100e-09	2.162380e-09	2.234660e-09	2.306940e-09
1.728718e-09	1.804426e-09	1.880134e-09	1.955842e-09	2.031550e-09	2.107258e-09	2.182966e-09	2.258674e-09	2.334382e-09
1.748962e-09	1.813114e-09	1.877266e-09	1.941418e-09	2.005570e-09	2.069722e-09	2.133874e-09	2.198026e-09	2.262178e-09
1.765511e-09	1.837092e-09	1.908673e-09	1.980254e-09	2.051835e-09	2.123416e-09	2.194997e-09	2.266578e-09	2.338159e-09
1.727415e-09	1.804630e-09	1.881845e-09	1.959060e-09	2.036275e-09	2.113490e-09	2.190705e-09	2.267920e-09	2.345135e-09
1.622225e-09	1.697970e-09	1.773715e-09	1.849460e-09	1.925205e-09	2.000950e-09	2.076695e-09	2.152440e-09	2.228185e-09
1.684763e-09	1.763966e-09	1.843169e-09	1.922372e-09	2.001575e-09	2.080778e-09	2.159981e-09	2.239184e-09	2.318387e-09
1.630934e-09	1.713708e-09	1.796482e-09	1.879256e-09	1.962030e-09	2.044804e-09	2.127578e-09	2.210352e-09	2.293126e-09
1.590083e-09	1.674416e-09	1.758749e-09	1.843082e-09	1.927415e-09	2.011748e-09	2.096081e-09	2.180414e-09	2.264747e-09
1.598836e-09	1.695912e-09	1.792988e-09	1.890064e-09	1.987140e-09	2.084216e-09	2.181292e-09	2.278368e-09	2.375444e-09
1.596363e-09	1.681086e-09	1.765809e-09	1.850532e-09	1.935255e-09	2.019978e-09	2.104701e-09	2.189424e-09	2.274147e-09
1.615339e-09	1.680548e-09	1.745757e-09	1.810966e-09	1.876175e-09	1.941384e-09	2.006593e-09	2.071802e-09	2.137011e-09
1.651232e-09	1.737874e-09	1.824516e-09	1.911158e-09	1.997800e-09	2.084442e-09	2.171084e-09	2.257726e-09	2.344368e-09
1.501801e-09	1.597812e-09	1.693823e-09	1.789834e-09	1.885845e-09	1.981856e-09	2.077867e-09	2.173878e-09	2.269889e-09
1.670242e-09	1.735384e-09	1.800526e-09	1.865668e-09	1.930810e-09	1.995952e-09	2.061094e-09	2.126236e-09	2.191378e-09
1.552217e-09	1.634614e-09	1.717011e-09	1.799408e-09	1.881805e-09	1.964202e-09	2.046599e-09	2.128996e-09	2.211393e-09
1.548193e-09	1.635246e-09	1.722299e-09	1.809352e-09	1.896405e-09	1.983458e-09	2.070511e-09	2.157564e-09	2.244617e-09
1.514589e-09	1.594008e-09	1.673427e-09	1.752846e-09	1.832265e-09	1.911684e-09	1.991103e-09	2.070522e-09	2.149941e-09
1.525170e-09	1.611370e-09	1.697570e-09	1.783770e-09	1.869970e-09	1.956170e-09	2.042370e-09	2.128570e-09	2.214770e-09
1.457572e-09	1.550764e-09	1.643956e-09	1.737148e-09	1.830340e-09	1.923532e-09	2.016724e-09	2.109916e-09	2.203108e-09
1.474696e-09	1.553562e-09	1.632428e-09	1.711294e-09	1.790160e-09	1.869026e-09	1.947892e-09	2.026758e-09	2.105624e-09
1.397100e-09	1.485330e-09	1.573560e-09	1.661790e-09	1.750020e-09	1.838250e-09	1.926480e-09	2.014710e-09	2.102940e-09
1.505352e-09	1.587654e-09	1.669956e-09	1.752258e-09	1.834560e-09	1.916862e-09	1.999164e-09	2.081466e-09	2.163768e-09
1.416404e-09	1.496938e-09	1.577472e-09	1.658006e-09	1.738540e-09	1.819074e-09	1.899608e-09	1.980142e-09	2.060676e-09
1.499777e-09	1.575734e-09	1.651691e-09	1.727648e-09	1.803605e-09	1.879562e-09	1.955519e-09	2.031476e-09	2.107433e-09
1.360896e-09	1.429742e-09	1.498588e-09	1.567434e-09	1.636280e-09	1.705126e-09	1.773972e-09	1.842818e-09	1.911664e-09
1.478836e-09	1.550632e-09	1.622428e-09	1.694224e-09	1.766020e-09	1.837816e-09	1.909612e-09	1.981408e-09	2.053204e-09
1.431898e-09	1.512846e-09	1.593794e-09	1.674742e-09	1.755690e-09	1.836638e-09	1.917586e-09	1.998534e-09	2.079482e-09
1.382955e-09	1.470040e-09	1.557125e-09	1.644210e-09	1.731295e-09	1.818380e-09	1.905465e-09	1.992550e-09	2.079635e-09
1.414069e-09	1.496178e-09	1.578287e-09	1.660396e-09	1.742505e-09	1.824614e-09	1.906723e-09	1.988832e-09	2.070941e-09
1.409360e-09	1.495050e-09	1.580740e-09	1.666430e-09	1.752120e-09	1.837810e-09	1.923500e-09	2.009190e-09	2.094880e-09
1.384615e-09	1.464470e-09	1.544325e-09	1.624180e-09	1.704035e-09	1.783890e-09	1.863745e-09	1.943600e-09	2.023455e-09
1.391755e-09	1.454420e-09	1.517085e-09	1.579750e-09	1.642415e-09	1.705080e-09	1.767745e-09	1.830410e-09	1.893075e-09
1.305101e-09	1.379962e-09	1.454823e-09	1.529684e-09	1.604545e-09	1.679406e-09	1.754267e-09	1.829128e-09	1.903989e-09
1.322749e-09	1.411668e-09	1.500587e-09	1.589506e-09	1.678425e-09	1.767344e-09	1.856263e-09	1.945182e-09	2.034101e-09
1.285931e-09	1.384672e-09	1.483413e-09	1.582154e-09	1.680895e-09	1.779636e-09	1.878377e-09	1.977118e-09	2.075859e-09
1.374072e-09	1.446604e-09	1.519136e-09	1.591668e-09	1.664200e-09	1.736732e-09	1.809264e-09	1.881796e-09	1.954328e-09
1.276908e-09	1.377986e-09	1.479064e-09	1.580142e-09	1.681220e-09	1.782298e-09	1.883376e-09	1.984454e-09	2.085532e-09
1.297895e-09	1.374400e-09	1.450905e-09	1.527410e-09	1.603915e-09	1.680420e-09	1.756925e-09	1.833430e-09	1.909935e-09
1.320090e-09	1.402780e-09	1.485470e-09	1.568160e-09	1.650850e-09	1.733540e-09	1.816230e-09	1.898920e-09	1.981610e-09
1.281520e-09	1.361560e-09	1.441600e-09	1.521640e-09	1.601680e-09	1.681720e-09	1.761760e-09	1.841800e-09	1.921840e-09
1.222456e-09	1.312042e-09	1.401628e-09	1.491214e-09	1.580800e-09	1.670386e-09	1.759972e-09	1.849558e-09	1.939144e-09
1.219934e-09	1.320288e-09	1.420642e-09	1.520996e-09	1.621350e-09	1.721704e-09	1.822058e-09	1.922412e-09	2.022766e-09
1.276707e-09	1.364704e-09	1.452701e-09	1.540698e-09	1.628695e-09	1.716692e-09	1.804689e-09	1.892686e-09	1.980683e-09
1.276465e-09	1.349130e-09	1.421795e-09	1.494460e-09	1.567125e-09	1.639790e-09	1.712455e-09	1.785120e-09	1.857785e-09
1.257247e-09	1.328024e-09	1.398801e-09	1.469578e-09	1.540355e-09	1.611132e-09	1.681909e-09	1.752686e-09	1.823463e-09
1.208948e-09	1.291336e-09	1.373724e-09	1.456112e-09	1.538500e-09	1.620888e-09	1.703276e-09	1.785664e-09	1.868052e-09
1.190291e-09	1.270792e-09	1.351293e-09	1.431794e-09	1.512295e-09	1.592796e-09	1.673297e-09	1.753798e-09	1.834299e-09
1.193870e-09	1.279260e-09	1.364650e-09	1.450040e-09	1.535430e-09	1.620820e-09	1.706210e-09	1.791600e-09	1.876990e-09
1.196365e-09	1.266660e-09	1.336955e-09	1.407250e-09	1.477545e-09	1.547840e-09	1.618135e-09	1.688430e-09	1.758725e-09
1.120077e-09	1.204104e-09	1.288131e-09	1.372158e-09	1.456185e-09	1.540212e-09	1.624239e-09	1.708266e-09	1.792293e-09
1.181353e-09	1.276876e-09	1.372399e-09	1.467922e-09	1.563445e-09	1.658968e-09	1.754491e-09	1.850014e-09	1.945537e-09
1.253604e-09	1.325888e-09	1.398172e-09	1.470456e-09	1.542740e-09	1.615024e-09	1.687308e-09	1.759592e-09	1.831876e-09
1.158288e-09	1.237536e-09	1.316784e-09	1.396032e-09	1.475280e-09	1.554528e-09	1.633776e-09	1.713024e-09	1.792272e-09
1.019872e-09	1.113554e-09	1.207236e-09	1.300918e-09	1.394600e-09	1.488282e-09	1.581964e-09	1.675646e-09	1.769328e-09
1.117067e-09	1.184884e-09	1.252701e-09	1.320518e-09	1.388335e-09	1.456152e-09	1.523969e-09	1.591786e-09	1.659603e-09
1.049683e-09	1.130780e-09	1.211877e-09	1.292975e-09	1.374072e-09	1.455170e-09	1.536267e-09	1.617365e-09	1.698462e-09
1.107288e-09	1.194546e-09	1.281804e-09	1.369062e-09	1.456320e-09	1.543578e-09	1.630836e-09	1.718094e-09	1.805352e-09
1.077246e-09	1.145562e-09	1.213878e-09	1.282194e-09	1.350510e-09	1.418826e-09	1.487142e-09	1.555458e-09	1.623774e-09
1.061871e-09	1.158627e-09	1.255382e-09	1.352138e-09	1.448893e-09	1.545648e-09	1.642404e-09	1.739159e-09	1.835915e-09
1.074785e-09	1.162055e-09	1.249326e-09	1.336596e-09	1.423867e-09	1.511138e-09	1.598408e-09	1.685679e-09	1.772949e-09
1.078526e-09	1.152682e-09	1.226838e-09	1.300994e-09	1.375150e-09	1.449306e-09	1.523462e-09	1.597618e-09	1.671774e-09
9.618660e-10	1.040592e-09	1.119318e-09	1.198044e-09	1.276770e-09	1.355496e-09	1.434222e-09	1.512948e-09	1.591674e-09
1.034120e-09	1.117065e-09	1.200009e-09	1.282954e-09	1.365898e-09	1.448842e-09	1.531787e-09	1.614731e-09	1.697676e-09
9.866703e-10	1.070534e-09	1.154397e-09	1.238260e-09	1.322123e-09	1.405987e-09	1.489850e-09	1.573713e-09	1.657577e-09
1.021673e-09	1.106601e-09	1.191530e-09	1.276458e-09	1.361387e-09	1.446316e-09	1.531244e-09	1.616173e-09	1.701101e-09
9.804263e-10	1.058456e-09	1.136485e-09	1.214514e-09	1.292544e-09	1.370573e-09	1.448602e-09	1.526631e-09	1.604661e-09
1.027624e-09	1.110949e-09	1.194274e-09	1.277599e-09	1.360925e-09	1.444250e-09	1.527575e-09	1.610900e-09	1.694225e-09
1.014364e-09	1.099273e-09	1.184181e-09	1.269090e-09	1.353998e-09	1.438906e-09	1.523815e-09	1.608723e-09	1.693632e-09
1.009229e-09	1.083438e-09	1.157647e-09	1.231856e-09	1.306065e-09	1.380274e-09	1.454483e-09	1.528692e-09	1.602901e-09
9.593426e-10	1.034211e-09	1.109080e-09	1.183948e-09	1.258817e-09	1.333686e-09	1.408554e-09	1.483423e-09	1.558291e-09
1.018248e-09	1.096754e-09	1.175259e-09	1.253765e-09	1.332271e-09	1.410777e-09	1.489283e-09	1.567788e-09	1.646294e-09
8.986468e-10	9.772016e-10	1.055756e-09	1.134311e-09	1.212866e-09	1.291421e-09	1.369976e-09	1.448530e-09	1.527085e-09
9.237016e-10	1.007889e-09	1.092077e-09	1.176264e-09	1.260452e-09	1.344640e-09	1.428827e-09	1.513015e-09	1.597202e-09
9.310768e-10	1.011862e-09	1.092646e-09	1.173431e-09	1.254216e-09	1.335001e-09	1.415786e-09	1.496570e-09	1.577355e-09
9.311630e-10	1.020656e-09	1.110149e-09	1.199642e-09	1.289135e-09	1.378628e-09	1.468121e-09	1.557614e-09	1.647107e-09
8.930734e-10	9.744308e-10	1.055788e-09	1.137146e-09	1.218503e-09	1.299860e-09	1.381218e-09	1.462575e-09	1.543933e-09
8.686750e-10	9.537600e-10	1.038845e-09	1.123930e-09	1.209015e-09	1.294100e-09	1.379185e-09	1.464270e-09	1.549355e-09
8.249704e-10	8.982948e-10	9.716192e-10	1.044944e-09	1.118268e-09	1.191592e-09	1.264917e-09	1.338241e-09	1.411566e-09
8.401218e-10	9.225416e-10	1.004961e-09	1.087381e-09	1.169801e-09	1.252221e-09	1.334641e-09	1.417060e-09	1.499480e-09
7.680424e-10	8.676688e-10	9.672952e-10	1.066922e-09	1.166548e-09	1.266174e-09	1.365801e-09	1.465427e-09	1.565054e-09
8.261048e-10	9.169876e-10	1.007870e-09	1.098753e-09	1.189636e-09	1.280519e-09	1.371402e-09	1.462284e-09	1.553167e-09
8.384981e-10	9.232772e-10	1.008056e-09	1.092835e-09	1.177615e-09	1.262394e-09	1.347173e-09	1.431952e-09	1.516731e-09
8.206631e-10	9.015472e-10	9.824313e-10	1.063315e-09	1.144200e-09	1.225084e-09	1.305968e-09	1.386852e-09	1.467736e-09
7.992419e-10	8.865028e-10	9.737637e-10	1.061025e-09	1.148285e-09	1.235546e-09	1.322807e-09	1.410068e-09	1.497329e-09
8.038112e-10	8.981244e-10	9.924376e-10	1.086751e-09	1.181064e-09	1.275377e-09	1.369690e-09	1.464004e-09	1.558317e-09
8.223944e-10	9.062628e-10	9.901312e-10	1.074000e-09	1.157868e-09	1.241736e-09	1.325605e-09	1.409473e-09	1.493342e-09
7.595834e-10	8.488408e-10	9.380982e-10	1.027356e-09	1.116613e-09	1.205870e-09	1.295128e-09	1.384385e-09	1.473643e-09
7.408076e-10	8.303612e-10	9.199148e-10	1.009468e-09	1.099022e-09	1.188576e-09	1.278129e-09	1.367683e-09	1.457236e-09
7.148770e-10	8.038140e-10	8.927510e-10	9.816880e-10	1.070625e-09	1.159562e-09	1.248499e-09	1.337436e-09	1.426373e-09
7.568877e-10	8.443524e-10	9.318171e-10	1.019282e-09	1.106747e-09	1.194211e-09	1.281676e-09	1.369141e-09	1.456605e-09
7.297040e-10	8.118080e-10	8.939120e-10	9.760160e-10	1.058120e-09	1.140224e-09	1.222328e-09	1.304432e-09	1.386536e-09
6.896867e-10	7.835504e-10	8.774141e-10	9.712778e-10	1.065141e-09	1.159005e-09	1.252869e-09	1.346733e-09	1.440596e-09
7.155957e-10	7.981884e-10	8.807811e-10	9.633738e-10	1.045966e-09	1.128559e-09	1.211152e-09	1.293745e-09	1.376337e-09
7.199013e-10	7.985056e-10	8.771099e-10	9.557142e-10	1.034318e-09	1.112923e-09	1.191527e-09	1.270131e-09	1.348736e-09
7.095244e-10	7.960028e-10	8.824812e-10	9.689596e-10	1.055438e-09	1.141916e-09	1.228395e-09	1.314873e-09	1.401352e-09
6.369151e-10	7.165012e-10	7.960873e-10	8.756734e-10	9.552595e-10	1.034846e-09	1.114432e-09	1.194018e-09	1.273604e-09
6.580871e-10	7.453152e-10	8.325433e-10	9.197714e-10	1.006999e-09	1.094228e-09	1.181456e-09	1.268684e-09	1.355912e-09
6.476346e-10	7.276552e-10	8.076758e-10	8.876964e-10	9.677170e-10	1.047738e-09	1.127758e-09	1.207779e-09	1.287799e-09
5.697044e-10	6.643028e-10	7.589012e-10	8.534996e-10	9.480980e-10	1.042696e-09	1.137295e-09	1.231893e-09	1.326492e-09
6.252867e-10	7.159704e-10	8.066541e-10	8.973378e-10	9.880215e-10	1.078705e-09	1.169389e-09	1.260073e-09	1.350756e-09
6.190279e-10	7.124248e-10	8.058217e-10	8.992186e-10	9.926155e-10	1.086012e-09	1.179409e-09	1.272806e-09	1.366203e-09
5.981907e-10	6.753084e-10	7.524261e-10	8.295438e-10	9.066615e-10	9.837792e-10	1.060897e-09	1.138015e-09	1.215132e-09
5.872357e-10	6.758784e-10	7.645211e-10	8.531638e-10	9.418065e-10	1.030449e-09	1.119092e-09	1.207735e-09	1.296377e-09
5.757974e-10	6.768988e-10	7.780002e-10	8.791016e-10	9.802030e-10	1.081304e-09	1.182406e-09	1.283507e-09	1.384609e-09
5.862636e-10	6.735232e-10	7.607828e-10	8.480424e-10	9.353020e-10	1.022562e-09	1.109821e-09	1.197081e-09	1.284340e-09
5.630870e-10	6.552140e-10	7.473410e-10	8.394680e-10	9.315950e-10	1.023722e-09	1.115849e-09	1.207976e-09	1.300103e-09
5.052177e-10	5.958924e-10	6.865671e-10	7.772418e-10	8.679165e-10	9.585912e-10	1.049266e-09	1.139941e-09	1.230615e-09
4.820657e-10	5.728284e-10	6.635911e-10	7.543538e-10	8.451165e-10	9.358792e-10	1.026642e-09	1.117405e-09	1.208167e-09
5.429106e-10	6.193372e-10	6.957638e-10	7.721904e-10	8.486170e-10	9.250436e-10	1.001470e-09	1.077897e-09	1.154323e-09
4.657908e-10	5.464996e-10	6.272084e-10	7.079172e-10	7.886260e-10	8.693348e-10	9.500436e-10	1.030752e-09	1.111461e-09
5.165280e-10	6.062360e-10	6.959440e-10	7.856520e-10	8.753600e-10	9.650680e-10	1.054776e-09	1.144484e-09	1.234192e-09
4.553287e-10	5.356144e-10	6.159001e-10	6.961858e-10	7.764715e-10	8.567572e-10	9.370429e-10	1.017329e-09	1.097614e-09
4.878711e-10	5.787932e-10	6.697153e-10	7.606374e-10	8.515595e-10	9.424816e-10	1.033404e-09	1.124326e-09	1.215248e-09
4.633536e-10	5.535732e-10	6.437928e-10	7.340124e-10	8.242320e-10	9.144516e-10	1.004671e-09	1.094891e-09	1.185110e-09
4.441575e-10	5.298600e-10	6.155625e-10	7.012650e-10	7.869675e-10	8.726700e-10	9.583725e-10	1.044075e-09	1.129778e-09
3.857428e-10	4.685436e-10	5.513444e-10	6.341452e-10	7.169460e-10	7.997468e-10	8.825476e-10	9.653484e-10	1.048149e-09
4.111745e-10	5.014840e-10	5.917935e-10	6.821030e-10	7.724125e-10	8.627220e-10	9.530315e-10	1.043341e-09	1.133650e-09
4.101691e-10	4.954092e-10	5.806493e-10	6.658894e-10	7.511295e-10	8.363696e-10	9.216097e-10	1.006850e-09	1.092090e-09
3.952109e-10	4.913808e-10	5.875507e-10	6.837206e-10	7.798905e-10	8.760604e-10	9.722303e-10	1.068400e-09	1.164570e-09
3.429563e-10	4.408856e-10	5.388149e-10	6.367442e-10	7.346735e-10	8.326028e-10	9.305321e-10	1.028461e-09	1.126391e-09
3.507315e-10	4.444880e-10	5.382445e-10	6.320010e-10	7.257575e-10	8.195140e-10	9.132705e-10	1.007027e-09	1.100784e-09
3.511243e-10	4.312516e-10	5.113789e-10	5.915062e-10	6.716335e-10	7.517608e-10	8.318881e-10	9.120154e-10	9.921427e-10
3.339856e-10	4.288372e-10	5.236888e-10	6.185404e-10	7.133920e-10	8.082436e-10	9.030952e-10	9.979468e-10	1.092798e-09
3.084971e-10	4.137052e-10	5.189133e-10	6.241214e-10	7.293295e-10	8.345376e-10	9.397457e-10	1.044954e-09	1.150162e-09
2.845317e-10	3.818704e-10	4.792091e-10	5.765478e-10	6.738865e-10	7.712252e-10	8.685639e-10	9.659026e-10	1.063241e-09
2.644029e-10	3.595348e-10	4.546667e-10	5.497986e-10	6.449305e-10	7.400624e-10	8.351943e-10	9.303262e-10	1.025458e-09
2.635764e-10	3.638568e-10	4.641372e-10	5.644176e-10	6.646980e-10	7.649784e-10	8.652588e-10	9.655392e-10	1.065820e-09
2.842711e-10	3.873232e-10	4.903753e-10	5.934274e-10	6.964795e-10	7.995316e-10	9.025837e-10	1.005636e-09	1.108688e-09
2.434839e-10	3.455768e-10	4.476697e-10	5.497626e-10	6.518555e-10	7.539484e-10	8.560413e-10	9.581342e-10	1.060227e-09
2.123175e-10	3.190900e-10	4.258625e-10	5.326350e-10	6.394075e-10	7.461800e-10	8.529525e-10	9.597250e-10	1.066498e-09
2.066156e-10	3.115872e-10	4.165588e-10	5.215304e-10	6.265020e-10	7.314736e-10	8.364452e-10	9.414168e-10	1.046388e-09
1.936779e-10	3.017248e-10	4.097717e-10	5.178186e-10	6.258655e-10	7.339124e-10	8.419593e-10	9.500062e-10	1.058053e-09
1.579270e-10	2.581029e-10	3.582788e-10	4.584547e-10	5.586305e-10	6.588064e-10	7.589823e-10	8.591582e-10	9.593341e-10
1.609385e-10	2.681086e-10	3.752788e-10	4.824490e-10	5.896192e-10	6.967893e-10	8.039595e-10	9.111297e-10	1.018300e-09
1.522875e-10	2.472571e-10	3.422267e-10	4.371964e-10	5.321660e-10	6.271356e-10	7.221052e-10	8.170748e-10	9.120444e-10
1.427905e-10	2.377602e-10	3.327298e-10	4.276994e-10	5.226690e-10	6.176386e-10	7.126082e-10	8.075779e-10	9.025475e-10
1.332936e-10	2.282632e-10	3.232328e-10	4.182024e-10	5.131720e-10	6.081417e-10	7.031113e-10	7.980809e-10	8.930505e-10
1.237966e-10	2.187662e-10	3.137359e-10	4.087055e-10	5.036751e-10	5.986447e-10	6.936143e-10	7.885839e-10	8.835536e-10
1.142997e-10	2.092693e-10	3.042389e-10	3.992085e-10	4.941781e-10	5.891477e-10	6.841174e-10	7.790870e-10	8.740566e-10
1.048027e-10	1.997723e-10	2.947419e-10	3.897115e-10	4.846812e-10	5.796508e-10	6.746204e-10	7.695900e-10	8.645596e-10
9.530574e-11	1.902754e-10	2.852450e-10	3.802146e-10	4.751842e-10	5.701538e-10	6.651234e-10	7.600931e-10	8.550627e-10
8.580877e-11	1.807784e-10	2.757480e-10	3.707176e-10	4.656872e-10	5.606569e-10	6.556265e-10	7.505961e-10	8.455657e-10
7.631181e-11	1.712814e-10	2.662510e-10	3.612207e-10	4.561903e-10	5.511599e-10	6.461295e-10	7.410991e-10	8.360687e-10
6.681485e-11	1.617845e-10	2.567541e-10	3.517237e-10	4.466933e-10	5.416629e-10	6.366325e-10	7.316022e-10	8.265718e-10
1.000000e-35	1.522875e-10	2.472571e-10	3.422267e-10	4.371964e-10	5.321660e-10	6.271356e-10	7.221052e-10	8.170748e-10
1.000000e-35	1.427905e-10	2.377602e-10	3.327298e-10	4.276994e-10	5.226690e-10	6.176386e-10	7.126082e-10	8.075779e-10
1.000000e-35	1.332936e-10	2.282632e-10	3.232328e-10	4.182024e-10	5.131720e-10	6.081417e-10	7.031113e-10	7.980809e-10
1.000000e-35	1.237966e-10	2.187662e-10	3.137359e-10	4.087055e-10	5.036751e-10	5.986447e-10	6.936143e-10	7.885839e-10
1.000000e-35	1.142997e-10	2.092693e-10	3.042389e-10	3.992085e-10	4.941781e-10	5.891477e-10	6.841174e-10	7.790870e-10
1.000000e-35	1.048027e-10	1.997723e-10	2.947419e-10	3.897115e-10	4.846812e-10	5.796508e-10	6.746204e-10	7.695900e-10
1.000000e-35	9.530574e-11	1.902754e-10	2.852450e-10	3.802146e-10	4.751842e-10	5.701538e-10	6.651234e-10	7.600931e-10
1.000000e-35	8.580877e-11	1.807784e-10	2.757480e-10	3.707176e-10	4.656872e-10	5.606569e-10	6.556265e-10	7.505961e-10
1.000000e-35	7.631181e-11	1.712814e-10	2.662510e-10	3.612207e-10	4.561903e-10	5.511599e-10	6.461295e-10	7.410991e-10
1.000000e-35	6.681485e-11	1.617845e-10	2.567541e-10	3.517237e-10	4.466933e-10	5.416629e-10	6.366325e-10	7.316022e-10
1.000000e-35	1.000000e-35	1.522875e-10	2.472571e-10	3.422267e-10	4.371964e-10	5.321660e-10	6.271356e-10	7.221052e-10
1.000000e-35	1.000000e-35	1.427905e-10	2.377602e-10	3.327298e-10	4.276994e-10	5.226690e-10	6.176386e-10	7.126082e-10
1.000000e-35	1.000000e-35	1.332936e-10	2.282632e-10	3.232328e-10	4.182024e-10	5.131720e-10	6.081417e-10	7.031113e-10
1.000000e-35	1.000000e-35	1.237966e-10	2.187662e-10	3.137359e-10	4.087055e-10	5.036751e-10	5.986447e-10	6.936143e-10
1.000000e-35	1.000000e-35	1.142997e-10	2.092693e-10	3.042389e-10	3.992085e-10	4.941781e-10	5.891477e-10	6.841174e-10
1.000000e-35	1.000000e-35	1.048027e-10	1.997723e-10	2.947419e-10	3.897115e-10	4.846812e-10	5.796508e-10	6.746204e-10
1.000000e-35	1.000000e-35	9.530574e-11	1.902754e-10	2.852450e-10	3.802146e-10	4.751842e-10	5.701538e-10	6.651234e-10
1.000000e-35	1.000000e-35	8.580877e-11	1.807784e-10	2.757480e-10	3.707176e-10	4.656872e-10	5.606569e-10	6.556265e-10
1.000000e-35	1.000000e-35	7.631181e-11	1.712814e-10	2.662510e-10	3.612207e-10	4.561903e-10	5.511599e-10	6.461295e-10
1.000000e-35	1.000000e-35	6.681485e-11	1.617845e-10	2.567541e-10	3.517237e-10	4.466933e-10	5.416629e-10	6.366325e-10
1.000000e-35	1.000000e-35	1.000000e-35	1.522875e-10	2.472571e-10	3.422267e-10	4.371964e-10	5.321660e-10	6.271356e-10
1.000000e-35	1.000000e-35	1.000000e-35	1.427905e-10	2.377602e-10	3.327298e-10	4.276994e-10	5.226690e-10	6.176386e-10
1.000000e-35	1.000000e-35	1.000000e-35	1.332936e-10	2.282632e-10	3.232328e-10	4.182024e-10	5.131720e-10	6.081417e-10
1.000000e-35	1.000000e-35	1.000000e-35	1.237966e-10	2.187662e-10	3.137359e-10	4.087055e-10	5.036751e-10	5.986447e-10
1.000000e-35	1.000000e-35	1.000000e-35	1.142997e-10	2.092693e-10	3.042389e-10	3.992085e-10	4.941781e-10	5.891477e-10
1.000000e-35	1.000000e-35	1.000000e-35	1.048027e-10	1.997723e-10	2.947419e-10	3.897115e-10	4.846812e-10	5.796508e-10
1.000000e-35	1.000000e-35	1.000000e-35	9.530574e-11	1.902754e-10	2.852450e-10	3.802146e-10	4.751842e-10	5.701538e-10
1.000000e-35	1.000000e-35	1.000000e-35	8.580877e-11	1.807784e-10	2.757480e-10	3.707176e-10	4.656872e-10	5.606569e-10
1.000000e-35	1.000000e-35	1.000000e-35	7.631181e-11	1.712814e-10	2.662510e-10	3.612207e-10	4.561903e-10	5.511599e-10
1.000000e-35	1.000000e-35	1.000000e-35	6.681485e-11	1.617845e-10	2.567541e-10	3.517237e-10	4.466933e-10	5.416629e-10
1.000000e-35	1.000000e-35	1.000000e-35	1.000000e-35	1.522875e-10	2.472571e-10	3.422267e-10	4.371964e-10	5.321660e-10
1.000000e-35	1.000000e-35	1.000000e-35	1.000000e-35	1.427905e-10	2.377602e-10	3.327298e-10	4.276994e-10	5.226690e-10
1.000000e-35	1.000000e-35	1.000000e-35	1.000000e-35	1.332936e-10	2.282632e-10	3.232328e-10	4.182024e-10	5.131720e-10
1.000000e-35	1.000000e-35	1.000000e-35	1.000000e-35	1.237966e-10	2.187662e-10	3.137359e-10	4.087055e-10	5.036751e-10
1.000000e-35	1.000000e-35	1.000000e-35	1.000000e-35	1.142997e-10	2.092693e-10	3.042389e-10	3.992085e-10	4.941781e-10
1.000000e-35	1.000000e-35	1.000000e-35	1.000000e-35	1.048027e-10	1.997723e-10	2.947419e-10	3.897115e-10	4.846812e-10
1.000000e-35	1.000000e-35	1.000000e-35	1.000000e-35	9.530574e-11	1.902754e-10	2.852450e-10	3.802146e-10	4.751842e-10
1.000000e-35	1.000000e-35	1.000000e-35	1.000000e-35	8.580877e-11	1.807784e-10	2.757480e-10	3.707176e-10	4.656872e-10
1.000000e-35	1.000000e-35	1.000000e-35	1.000000e-35	7.631181e-11	1.712814e-10	2.662510e-10	3.612207e-10	4.561903e-10
1.000000e-35	1.000000e-35	1.000000e-35	1.000000e-35	6.681485e-11	1.617845e-10	2.567541e-10	3.517237e-10	4.466933e-10
1.000000e-35	1.000000e-35	1.000000e-35	1.000000e-35	1.000000e-35	1.522875e-10	2.472571e-10	3.422267e-10	4.371964e-10
1.000000e-35	1.000000e-35	1.000000e-35	1.000000e-35	1.000000e-35	1.427905e-10	2.377602e-10	3.327298e-10	4.276994e-10
1.000000e-35	1.000000e-35	1.000000e-35	1.000000e-35	1.000000e-35	1.332936e-10	2.282632e-10	3.232328e-10	4.182024e-10
1.000000e-35	1.000000e-35	1.000000e-35	1.000000e-35	1.000000e-35	1.237966e-10	2.187662e-10	3.137359e-10	4.087055e-10
1.000000e-35	1.000000e-35	1.000000e-35	1.000000e-35	1.000000e-35	1.142997e-10	2.092693e-10	3.042389e-10	3.992085e-10
1.000000e-35	1.000000e-35	1.000000e-35	1.000000e-35	1.000000e-35	1.048027e-10	1.997723e-10	2.947419e-10	3.897115e-10
1.000000e-35	1.000000e-35	1.000000e-35	1.000000e-35	1.000000e-35	9.530574e-11	1.902754e-10	2.852450e-10	3.802146e-10
1.000000e-35	1.000000e-35	1.000000e-35	1.000000e-35	1.000000e-35	8.580877e-11	1.807784e-10	2.757480e-10	3.707176e-10
1.000000e-35	1.000000e-35	1.000000e-35	1.000000e-35	1.000000e-35	7.631181e-11	1.712814e-10	2.662510e-10	3.612207e-10
1.000000e-35	1.000000e-35	1.000000e-35	1.000000e-35	1.000000e-35	6.681485e-11	1.617845e-10	2.567541e-10	3.517237e-10
1.000000e-35	1.000000e-35	1.000000e-35	1.000000e-35	1.000000e-35	1.000000e-35	1.522875e-10	2.472571e-10	3.422267e-10
1.000000e-35	1.000000e-35	1.000000e-35	1.000000e-35	1.000000e-35	1.000000e-35	1.427905e-10	2.377602e-10	3.327298e-10
1.000000e-35	1.000000e-35	1.000000e-35	1.000000e-35	1.000000e-35	1.000000e-35	1.332936e-10	2.282632e-10	3.232328e-10
1.000000e-35	1.000000e-35	1.000000e-35	1.000000e-35	1.000000e-35	1.000000e-35	1.237966e-10	2.187662e-10	3.137359e-10
1.000000e-35	1.000000e-35	1.000000e-35	1.000000e-35	1.000000e-35	1.000000e-35	1.142997e-10	2.092693e-10	3.042389e-10
1.000000e-35	1.000000e-35	1.000000e-35	1.000000e-35	1.000000e-35	1.000000e-35	1.048027e-10	1.997723e-10	2.947419e-10
1.000000e-35	1.000000e-35	1.000000e-35	1.000000e-35	1.000000e-35	1.000000e-35	9.530574e-11	1.902754e-10	2.852450e-10
1.000000e-35	1.000000e-35	1.000000e-35	1.000000e-35	1.000000e-35	1.000000e-35	8.580877e-11	1.807784e-10	2.757480e-10
1.000000e-35	1.000000e-35	1.000000e-35	1.000000e-35	1.000000e-35	1.000000e-35	7.631181e-11	1.712814e-10	2.662510e-10
1.000000e-35	1.000000e-35	1.000000e-35	1.000000e-35	1.000000e-35	1.000000e-35	6.681485e-11	1.617845e-10	2.567541e-10
1.000000e-35	1.000000e-35	1.000000e-35	1.000000e-35	1.000000e-35	1.000000e-35	1.000000e-35	1.522875e-10	2.472571e-10
1.000000e-35	1.000000e-35	1.000000e-35	1.000000e-35	1.000000e-35	1.000000e-35	1.000000e-35	1.427905e-10	2.377602e-10
1.000000e-35	1.000000e-35	1.000000e-35	1.000000e-35	1.000000e-35	1.000000e-35	1.000000e-35	1.332936e-10	2.282632e-10
1.000000e-35	1.000000e-35	1.000000e-35	1.000000e-35	1.000000e-35	1.000000e-35	1.000000e-35	1.237966e-10	2.187662e-10
1.000000e-35	1.000000e-35	1.000000e-35	1.000000e-35	1.000000e-35	1.000000e-35	1.000000e-35	1.142997e-10	2.092693e-10
1.000000e-35	1.000000e-35	1.000000e-35	1.000000e-35	1.000000e-35	1.000000e-35	1.000000e-35	1.048027e-10	1.997723e-10
1.000000e-35	1.000000e-35	1.000000e-35	1.000000e-35	1.000000e-35	1.000000e-35	1.000000e-35	9.530574e-11	1.902754e-10
1.000000e-35	1.000000e-35	1.000000e-35	1.000000e-35	1.000000e-35	1.000000e-35	1.000000e-35	8.580877e-11	1.807784e-10
1.000000e-35	1.000000e-35	1.000000e-35	1.000000e-35	1.000000e-35	1.000000e-35	1.000000e-35	7.631181e-11	1.712814e-10
1.000000e-35	1.000000e-35	1.000000e-35	1.000000e-35	1.000000e-35	1.000000e-35	1.000000e-35	6.681485e-11	1.617845e-10
1.000000e-35	1.000000e-35	1.000000e-35	1.000000e-35	1.000000e-35	1.000000e-35	1.000000e-35	1.000000e-35	1.522875e-10
1.000000e-35	1.000000e-35	1.000000e-35	1.000000e-35	1.000000e-35	1.000000e-35	1.000000e-35	1.000000e-35	1.427905e-10
1.000000e-35	1.000000e-35	1.000000e-35	1.000000e-35	1.000000e-35	1.000000e-35	1.000000e-35	1.000000e-35	1.332936e-10
1.000000e-35	1.000000e-35	1.000000e-35	1.000000e-35	1.000000e-35	1.000000e-35	1.000000e-35	1.000000e-35	1.237966e-10
1.000000e-35	1.000000e-35	1.000000e-35	1.000000e-35	1.000000e-35	1.000000e-35	1.000000e-35	1.000000e-35	1.142997e-10
1.000000e-35	1.000000e-35	1.000000e-35	1.000000e-35	1.000000e-35	1.000000e-35	1.000000e-35	1.000000e-35	1.048027e-10
1.000000e-35	1.000000e-35	1.000000e-35	1.000000e-35	1.000000e-35	1.000000e-35	1.000000e-35	1.000000e-35	9.530574e-11
1.000000e-35	1.000000e-35	1.000000e-35	1.000000e-35	1.000000e-35	1.000000e-35	1.000000e-35	1.000000e-35	8.580877e-11
1.000000e-35	1.000000e-35	1.000000e-35	1.000000e-35	1.000000e-35	1.000000e-35	1.000000e-35	1.000000e-35	7.631181e-11
1.000000e-35	1.000000e-35	1.000000e-35	1.000000e-35	1.000000e-35	1.000000e-35	1.000000e-35	1.000000e-35	6.681485e-11
1.000000e-35	1.000000e-35	1.000000e-35	1.000000e-35	1.000000e-35	1.000000e-35	1.000000e-35	1.000000e-35	1.000000e-35
1.000000e-35	1.000000e-35	1.000000e-35	1.000000e-35	1.000000e-35	1.000000e-35	1.000000e-35	1.000000e-35	1.000000e-35
1.000000e-35	1.000000e-35	1.000000e-35	1.000000e-35	1.000000e-35	1.000000e-35	1.000000e-35	1.000000e-35	1.000000e-35
1.000000e-35	1.000000e-35	1.000000e-35	1.000000e-35	1.000000e-35	1.000000e-35	1.000000e-35	1.000000e-35	1.000000e-35
1.000000e-35	1.000000e-35	1.000000e-35	1.000000e-35	1.000000e-35	1.000000e-35	1.000000e-35	1.000000e-35	1.000000e-35
1.000000e-35	1.000000e-35	1.000000e-35	1.000000e-35	1.000000e-35	1.000000e-35	1.000000e-35	1.000000e-35	1.000000e-35
1.000000e-35	1.000000e-35	1.000000e-35	1.000000e-35	1.000000e-35	1.000000e-35	1.000000e-35	1.000000e-35	1.000000e-35
1.000000e-35	1.000000e-35	1.000000e-35	1.000000e-35	1.000000e-35	1.000000e-35	1.000000e-35	1.000000e-35	1.000000e-35
1.000000e-35	1.000000e-35	1.000000e-35	1.000000e-35	1.000000e-35	1.000000e-35	1.000000e-35	1.000000e-35	1.000000e-35
1.000000e-35	1.000000e-35	1.000000e-35	1.000000e-35	1.000000e-35	1.000000e-35	1.000000e-35	1.000000e-35	1.000000e-35
